packages\Microsoft.WindowsAppSDK.InteractiveExperiences.1.8.251104001\include\Microsoft.UI.Dispatching.Interop.h	12	ContentPreTranslateMessage(const MSG *pmsg);
packages\Microsoft.WindowsAppSDK.InteractiveExperiences.1.8.251104001\include\winrt\Microsoft.UI.Dispatching.Interop.h	12	ContentPreTranslateMessage(const MSG *pmsg);
packages\Microsoft.WindowsAppSDK.ML.1.8.2109\include\winml\onnxruntime_cxx_api.h	1229	std::string MakeCustomOpConfigEntryKey(const char* custom_op_name, const char* config);
packages\Microsoft.WindowsAppSDK.ML.1.8.2109\include\winml\onnxruntime_cxx_api.h	1443	Status CompileModel(const Env& env, const ModelCompilationOptions& model_compilation_options);
packages\Microsoft.WindowsAppSDK.ML.1.8.2109\include\winml\onnxruntime_cxx_api.h	2368	std::vector<std::string> GetOutputNamesHelper(const OrtIoBinding* binding, OrtAllocator*);
packages\Microsoft.WindowsAppSDK.ML.1.8.2109\include\winml\onnxruntime_cxx_api.h	2369	std::vector<Value> GetOutputValuesHelper(const OrtIoBinding* binding, OrtAllocator*);
packages\Microsoft.WindowsAppSDK.ML.1.8.2109\include\winml\onnxruntime_cxx_api.h	2664	void GetAttr(const OrtKernelInfo* p, const char* name, float&);
packages\Microsoft.WindowsAppSDK.ML.1.8.2109\include\winml\onnxruntime_cxx_api.h	2665	void GetAttr(const OrtKernelInfo* p, const char* name, int64_t&);
packages\Microsoft.WindowsAppSDK.ML.1.8.2109\include\winml\onnxruntime_cxx_api.h	2666	void GetAttr(const OrtKernelInfo* p, const char* name, std::string&);
packages\Microsoft.WindowsAppSDK.ML.1.8.2109\include\winml\onnxruntime_cxx_api.h	2667	void GetAttrs(const OrtKernelInfo* p, const char* name, std::vector<float>&);
packages\Microsoft.WindowsAppSDK.ML.1.8.2109\include\winml\onnxruntime_cxx_api.h	2668	void GetAttrs(const OrtKernelInfo* p, const char* name, std::vector<int64_t>&);
packages\Microsoft.WindowsAppSDK.ML.1.8.2109\include\winml\onnxruntime_cxx_inline.h	2547	constexpr OrtOpAttrType TypeToAttrType();
packages\Microsoft.WindowsAppSDK.ML.1.8.2109\include\winml\onnxruntime_cxx_inline.h	2560	inline constexpr OrtOpAttrType TypeToAttrsType();
packages\Microsoft.WindowsAppSDK.ML.1.8.2109\include\winml\ortmemoryinfo.h	72	std::ostream& operator<<(std::ostream& out, const OrtMemoryInfo& info);
packages\Microsoft.WindowsAppSDK.WinUI.1.8.251105000\include\winrtdirect3d11.h	343	EXTERN_C const IID C_IID(Windows_CGraphics_CDirectX_CDirect3D11_CIDirect3DDevice);
packages\Microsoft.WindowsAppSDK.WinUI.1.8.251105000\include\winrtdirect3d11.h	388	EXTERN_C const IID C_IID(Windows_CGraphics_CDirectX_CDirect3D11_CIDirect3DSurface);
packages\Microsoft.WindowsAppSDK.WinUI.1.8.251105000\include\winrtdirect3d11.h	592	EXTERN_C const IID C_IID(Windows_CGraphics_CDirectX_CDirect3D11_CIDirect3DDevice);
packages\Microsoft.WindowsAppSDK.WinUI.1.8.251105000\include\winrtdirect3d11.h	686	EXTERN_C const IID C_IID(Windows_CGraphics_CDirectX_CDirect3D11_CIDirect3DSurface);
WorldServer\Entities\FireGuard.h	18	__int64 __fastcall AddEnvVariable(const char *lpName, char *lpValue, int nValueLen);
WorldServer\Entities\WorldServerUtil.cpp	50	static __int64 D3DXCreateTextureFromFileInMemory_0(IDirect3DDevice8 *device, const void *data, unsigned int size, void *outTex);
WorldServer\Entities\WorldServerUtil.cpp	54	static int sub_140501380(char *a1, const char *a2, const char *a3);
WorldServer\Entities\WorldServerUtil.h	60	bool GetLastWriteFileTime(const char *szFileName, _FILETIME *ftWrite);
WorldServer\Entities\WorldServerUtil.h	64	int GetItemTableCode(const char *psItemCode);
WorldServer\Entities\WorldServerUtil.h	109	bool IsSQLValidString(const char *wszStr);
WorldServer\Entities\WorldServerUtil.h	111	void WriteServerStartHistory(const char *format, ...);
WorldServer\Entities\WorldServerUtil.h	112	void clear_file(const char *directory, int keepCount);
WorldServer\Entities\WorldServerUtil.h	113	int MyMessageBox(const char *title, const char *format, ...);
WorldServer\Entities\WorldServerUtil.h	115	void ServerProgramExit(const char *source, int reason);
WorldServer\Entities\WorldServerUtil.h	120	void IOFileWrite_3(const char *pszFileName, unsigned int nLen, const char *pszData);
WorldServer\Entities\WorldServerUtil.h	121	void __trace(const char *fmt, ...);
WorldServer\Entities\WorldServerUtil.h	122	void OutputDebugLog(const char *szFormat, ...);
WorldServer\Entities\WorldServerUtil.h	129	tm *localtime_5(const __int64 *_Time);
WorldServer\Entities\WorldServerUtil.h	130	tm *localtime_2(const __int64 *_Time);
WorldServer\Entities\WorldServerUtil.h	131	tm *localtime_3(const __int64 *_Time);
WorldServer\Entities\WorldServerUtil.h	134	void NetTrace(const char *fmt, ...);
WorldServer\Entities\WorldServerUtil.h	147	unsigned __int64 SplitString(char *strSrc, const char *_Delim, std::vector<std::string> *stringlist);
WorldServer\Entities\WorldServerUtil.h	164	float DotProduct(const float *a1, const float *a2);
WorldServer\Entities\WorldServerUtil.h	166	float GetDist(float *const a1, float *const a2);
WorldServer\Entities\WorldServerUtil.h	172	void GetNormal(float *const a1, const float *const a2, const float *const a3, const float *const a4);
WorldServer\Entities\WorldServerUtil.h	173	int GetPlaneCrossPoint(const float *const a1, const float *const a2, float *const a3, const float *const a4, float a5);
WorldServer\Entities\WorldServerUtil.h	174	void CrossProduct(const float *a1, const float *a2, float *a3);
WorldServer\Entities\WorldServerUtil.h	176	bool CheckEdgeEpsilon(const float *const a1, const float *const a2, const float *const a3, const float *const a4);
WorldServer\Entities\WorldServerUtil.h	177	bool IsCollisionBBoxPoint(float *const a1, float *const a2, float *const a3);
WorldServer\Entities\WorldServerUtil.h	178	bool IsCollisionBBoxPoint(short *const a1, short *const a2, float *const a3);
WorldServer\Entities\WorldServerUtil.h	180	void GetVertexFromBVertex(float *const a1, char *a2, _BSP_READ_M_GROUP *a3);
WorldServer\Entities\WorldServerUtil.h	181	void GetVertexFromWVertex(float *const a1, short *a2, _BSP_READ_M_GROUP *a3);
WorldServer\Entities\WorldServerUtil.h	182	void GetVertexFromFVertex(float *const a1, float *a2, _BSP_READ_M_GROUP *a3);
WorldServer\Entities\WorldServerUtil.h	274	unsigned int GetLightMapColor(float *const uv, int id);
WorldServer\Entities\WorldServerUtil.h	286	void MakeBinaryStr(const unsigned __int8 *pBuff, unsigned __int64 tBufSize, char *pOut, rsize_t tOutSize);
WorldServer\Entities\WorldServerUtil.h	290	FILE *fopenMFM(char *a1, const char *Mode);
WorldServer\ThirdParty\cryptopp\algebra.h	261	Element GeneralCascadeMultiplication(const AbstractGroup<Element> &group, Iterator begin, Iterator end);
WorldServer\ThirdParty\cryptopp\algebra.h	263	Element GeneralCascadeExponentiation(const AbstractRing<Element> &ring, Iterator begin, Iterator end);
WorldServer\ThirdParty\cryptopp\algparam.h	297	CRYPTOPP_DLL bool AssignIntToInteger(const std::type_info &valueType, void *pInteger, const void *pInt);
WorldServer\ThirdParty\cryptopp\algparam.h	300	CRYPTOPP_DLL const std::type_info & CRYPTOPP_API IntegerTypeId();
WorldServer\ThirdParty\cryptopp\asn.h	144	CRYPTOPP_DLL size_t CRYPTOPP_API DEREncodeOctetString(BufferedTransformation &bt, const byte *str, size_t strLen);
WorldServer\ThirdParty\cryptopp\asn.h	150	CRYPTOPP_DLL size_t CRYPTOPP_API DEREncodeOctetString(BufferedTransformation &bt, const SecByteBlock &str);
WorldServer\ThirdParty\cryptopp\asn.h	172	CRYPTOPP_DLL size_t CRYPTOPP_API DEREncodeTextString(BufferedTransformation &bt, const byte* str, size_t strLen, byte asnTag);
WorldServer\ThirdParty\cryptopp\asn.h	181	CRYPTOPP_DLL size_t CRYPTOPP_API DEREncodeTextString(BufferedTransformation &bt, const SecByteBlock &str, byte asnTag);
WorldServer\ThirdParty\cryptopp\asn.h	190	CRYPTOPP_DLL size_t CRYPTOPP_API DEREncodeTextString(BufferedTransformation &bt, const std::string &str, byte asnTag);
WorldServer\ThirdParty\cryptopp\asn.h	215	CRYPTOPP_DLL size_t CRYPTOPP_API DEREncodeDate(BufferedTransformation &bt, const SecByteBlock &str, byte asnTag);
WorldServer\ThirdParty\cryptopp\asn.h	261	CRYPTOPP_DLL size_t CRYPTOPP_API BERDecodePeekLength(const BufferedTransformation &bt);
WorldServer\ThirdParty\cryptopp\asn.h	918	inline bool operator<(const OID &lhs, const OID &rhs);
WorldServer\ThirdParty\cryptopp\asn.h	925	inline bool operator>(const OID &lhs, const OID &rhs);
WorldServer\ThirdParty\cryptopp\asn.h	943	inline OID operator+(const OID &lhs, unsigned long rhs);
WorldServer\ThirdParty\cryptopp\asn.h	947	inline std::ostream& operator<<(std::ostream& out, const OID &oid);
WorldServer\ThirdParty\cryptopp\blake2.cpp	171	void BLAKE2_Compress32_CXX(const byte* input, BLAKE2s_State& state);
WorldServer\ThirdParty\cryptopp\blake2.cpp	172	void BLAKE2_Compress64_CXX(const byte* input, BLAKE2b_State& state);
WorldServer\ThirdParty\cryptopp\cryptlib.cpp	1029	const NullNameValuePairs s_nullNameValuePairs __attribute__ ((init_priority (CRYPTOPP_INIT_PRIORITY + 27)));
WorldServer\ThirdParty\cryptopp\cryptlib.cpp	1048	const simple_ptr<NullNameValuePairs> s_pNullNameValuePairs(new NullNameValuePairs);
WorldServer\ThirdParty\cryptopp\eccrypto.h	173	inline std::ostream& operator<<(std::ostream& os, const DL_GroupParameters_EC<ECP>::Element& obj);
WorldServer\ThirdParty\cryptopp\fips140.h	56	CRYPTOPP_DLL void CRYPTOPP_API DoPowerUpSelfTest(const char *moduleFilename, const byte *expectedModuleMac);
WorldServer\ThirdParty\cryptopp\fips140.h	96	void SignaturePairwiseConsistencyTest(const PK_Signer &signer, const PK_Verifier &verifier);
WorldServer\ThirdParty\cryptopp\fips140.h	97	void EncryptionPairwiseConsistencyTest(const PK_Encryptor &encryptor, const PK_Decryptor &decryptor);
WorldServer\ThirdParty\cryptopp\fips140.h	99	void SignaturePairwiseConsistencyTest_FIPS_140_Only(const PK_Signer &signer, const PK_Verifier &verifier);
WorldServer\ThirdParty\cryptopp\fips140.h	100	void EncryptionPairwiseConsistencyTest_FIPS_140_Only(const PK_Encryptor &encryptor, const PK_Decryptor &decryptor);
WorldServer\ThirdParty\cryptopp\gf2n.cpp	33	const PolynomialMod2 g_one(1);
WorldServer\ThirdParty\cryptopp\gf2n.cpp	38	const PolynomialMod2 g_one(1);
WorldServer\ThirdParty\cryptopp\integer.cpp	4895	const Integer g_zero(0L);
WorldServer\ThirdParty\cryptopp\integer.cpp	4896	const Integer g_one(1L);
WorldServer\ThirdParty\cryptopp\integer.cpp	4897	const Integer g_two(2L);
WorldServer\ThirdParty\cryptopp\integer.cpp	4903	const Integer g_zero(0L);
WorldServer\ThirdParty\cryptopp\integer.cpp	4904	const Integer g_one(1L);
WorldServer\ThirdParty\cryptopp\integer.cpp	4905	const Integer g_two(2L);
WorldServer\ThirdParty\cryptopp\misc.h	475	const byte* ConstBytePtr(const SecByteBlock& str);
WorldServer\ThirdParty\cryptopp\misc.h	490	size_t BytePtrSize(const SecByteBlock& str);
WorldServer\ThirdParty\cryptopp\misc.h	1184	CRYPTOPP_DLL void CRYPTOPP_API xorbuf(byte *buf, const byte *mask, size_t count);
WorldServer\ThirdParty\cryptopp\misc.h	1193	CRYPTOPP_DLL void CRYPTOPP_API xorbuf(byte *output, const byte *input, const byte *mask, size_t count);
WorldServer\ThirdParty\cryptopp\misc.h	1206	CRYPTOPP_DLL bool CRYPTOPP_API VerifyBufsEqual(const byte *buf1, const byte *buf2, size_t count);
WorldServer\ThirdParty\cryptopp\naclite.h	158	int crypto_box(byte *c,const byte *m,word64 d,const byte *n,const byte *y,const byte *x);
WorldServer\ThirdParty\cryptopp\naclite.h	171	int crypto_box_open(byte *m,const byte *c,word64 d,const byte *n,const byte *y,const byte *x);
WorldServer\ThirdParty\cryptopp\naclite.h	190	int crypto_box_beforenm(byte *k,const byte *y,const byte *x);
WorldServer\ThirdParty\cryptopp\naclite.h	204	int crypto_box_afternm(byte *c,const byte *m,word64 d,const byte *n,const byte *k);
WorldServer\ThirdParty\cryptopp\naclite.h	218	int crypto_box_open_afternm(byte *m,const byte *c,word64 d,const byte *n,const byte *k);
WorldServer\ThirdParty\cryptopp\naclite.h	242	int crypto_box_unchecked(byte *c,const byte *m,word64 d,const byte *n,const byte *y,const byte *x);
WorldServer\ThirdParty\cryptopp\naclite.h	266	int crypto_box_open_unchecked(byte *m,const byte *c,word64 d,const byte *n,const byte *y,const byte *x);
WorldServer\ThirdParty\cryptopp\naclite.h	288	int crypto_box_beforenm_unchecked(byte *k,const byte *y,const byte *x);
WorldServer\ThirdParty\cryptopp\naclite.h	291	int crypto_core_salsa20(byte *out,const byte *in,const byte *k,const byte *c);
WorldServer\ThirdParty\cryptopp\naclite.h	296	int crypto_core_hsalsa20(byte *out,const byte *in,const byte *k,const byte *c);
WorldServer\ThirdParty\cryptopp\naclite.h	303	int crypto_hashblocks(byte *x,const byte *m,word64 n);
WorldServer\ThirdParty\cryptopp\naclite.h	310	int crypto_hash(byte *out,const byte *m,word64 n);
WorldServer\ThirdParty\cryptopp\naclite.h	317	int crypto_onetimeauth(byte *out,const byte *m,word64 n,const byte *k);
WorldServer\ThirdParty\cryptopp\naclite.h	323	int crypto_onetimeauth_verify(const byte *h,const byte *m,word64 n,const byte *k);
WorldServer\ThirdParty\cryptopp\naclite.h	330	int crypto_scalarmult(byte *q,const byte *n,const byte *p);
WorldServer\ThirdParty\cryptopp\naclite.h	337	int crypto_scalarmult_base(byte *q,const byte *n);
WorldServer\ThirdParty\cryptopp\naclite.h	344	int crypto_secretbox(byte *c,const byte *m,word64 d,const byte *n,const byte *k);
WorldServer\ThirdParty\cryptopp\naclite.h	350	int crypto_secretbox_open(byte *m,const byte *c,word64 d,const byte *n,const byte *k);
WorldServer\ThirdParty\cryptopp\naclite.h	362	int crypto_sign(byte *sm,word64 *smlen,const byte *m,word64 n,const byte *sk);
WorldServer\ThirdParty\cryptopp\naclite.h	373	int crypto_sign_open(byte *m,word64 *mlen,const byte *sm,word64 n,const byte *pk);
WorldServer\ThirdParty\cryptopp\naclite.h	395	int crypto_sign_sk2pk(byte *pk, const byte *sk);
WorldServer\ThirdParty\cryptopp\naclite.h	402	int crypto_stream(byte *c,word64 d,const byte *n,const byte *k);
WorldServer\ThirdParty\cryptopp\naclite.h	408	int crypto_stream_xor(byte *c,const byte *m,word64 d,const byte *n,const byte *k);
WorldServer\ThirdParty\cryptopp\naclite.h	414	int crypto_stream_salsa20(byte *c,word64 d,const byte *n,const byte *k);
WorldServer\ThirdParty\cryptopp\naclite.h	420	int crypto_stream_salsa20_xor(byte *c,const byte *m,word64 b,const byte *n,const byte *k);
WorldServer\ThirdParty\cryptopp\naclite.h	426	int crypto_verify_16(const byte *x,const byte *y);
WorldServer\ThirdParty\cryptopp\naclite.h	432	int crypto_verify_32(const byte *x,const byte *y);
WorldServer\ThirdParty\cryptopp\nbtheory.h	20	CRYPTOPP_DLL const word16 * CRYPTOPP_API GetPrimeTable(unsigned int &size);
WorldServer\ThirdParty\cryptopp\nbtheory.h	43	CRYPTOPP_DLL bool CRYPTOPP_API IsSmallPrime(const Integer &p);
WorldServer\ThirdParty\cryptopp\nbtheory.h	50	CRYPTOPP_DLL bool CRYPTOPP_API TrialDivision(const Integer &p, unsigned bound);
WorldServer\ThirdParty\cryptopp\nbtheory.h	56	CRYPTOPP_DLL bool CRYPTOPP_API SmallDivisorsTest(const Integer &p);
WorldServer\ThirdParty\cryptopp\nbtheory.h	67	CRYPTOPP_DLL bool CRYPTOPP_API IsFermatProbablePrime(const Integer &n, const Integer &b);
WorldServer\ThirdParty\cryptopp\nbtheory.h	75	CRYPTOPP_DLL bool CRYPTOPP_API IsLucasProbablePrime(const Integer &n);
WorldServer\ThirdParty\cryptopp\nbtheory.h	81	CRYPTOPP_DLL bool CRYPTOPP_API IsStrongProbablePrime(const Integer &n, const Integer &b);
WorldServer\ThirdParty\cryptopp\nbtheory.h	86	CRYPTOPP_DLL bool CRYPTOPP_API IsStrongLucasProbablePrime(const Integer &n);
WorldServer\ThirdParty\cryptopp\nbtheory.h	96	CRYPTOPP_DLL bool CRYPTOPP_API RabinMillerTest(RandomNumberGenerator &rng, const Integer &n, unsigned int rounds);
WorldServer\ThirdParty\cryptopp\nbtheory.h	103	CRYPTOPP_DLL bool CRYPTOPP_API IsPrime(const Integer &p);
WorldServer\ThirdParty\cryptopp\nbtheory.h	134	CRYPTOPP_DLL bool CRYPTOPP_API FirstPrime(Integer &p, const Integer &max, const Integer &equiv, const Integer &mod, const PrimeSelector *pSelector);
WorldServer\ThirdParty\cryptopp\nbtheory.h	136	CRYPTOPP_DLL unsigned int CRYPTOPP_API PrimeSearchInterval(const Integer &max);
WorldServer\ThirdParty\cryptopp\nbtheory.h	182	CRYPTOPP_DLL Integer CRYPTOPP_API CRT(const Integer &xp, const Integer &p, const Integer &xq, const Integer &q, const Integer &u);
WorldServer\ThirdParty\cryptopp\nbtheory.h	193	CRYPTOPP_DLL int CRYPTOPP_API Jacobi(const Integer &a, const Integer &b);
WorldServer\ThirdParty\cryptopp\nbtheory.h	198	CRYPTOPP_DLL Integer CRYPTOPP_API Lucas(const Integer &e, const Integer &p, const Integer &n);
WorldServer\ThirdParty\cryptopp\nbtheory.h	204	CRYPTOPP_DLL Integer CRYPTOPP_API InverseLucas(const Integer &e, const Integer &m, const Integer &p, const Integer &q, const Integer &u);
WorldServer\ThirdParty\cryptopp\nbtheory.h	227	CRYPTOPP_DLL Integer CRYPTOPP_API ModularSquareRoot(const Integer &a, const Integer &p);
WorldServer\ThirdParty\cryptopp\nbtheory.h	235	CRYPTOPP_DLL Integer CRYPTOPP_API ModularRoot(const Integer &a, const Integer &dp, const Integer &dq, const Integer &p, const Integer &q, const Integer &u);
WorldServer\ThirdParty\cryptopp\nbtheory.h	247	CRYPTOPP_DLL bool CRYPTOPP_API SolveModularQuadraticEquation(Integer &r1, Integer &r2, const Integer &a, const Integer &b, const Integer &c, const Integer &p);
WorldServer\ThirdParty\cryptopp\pubkey.h	713	CRYPTOPP_DLL void CRYPTOPP_API P1363_MGF1KDF2_Common(HashTransformation &hash, byte *output, size_t outputLength, const byte *input, size_t inputLength, const byte *derivationParams, size_t derivationParamsLength, bool mask, unsigned int counterStart);
WorldServer\ThirdParty\cryptopp\serpentp.h	435	void Serpent_KeySchedule(word32 *k, unsigned int rounds, const byte *userKey, size_t keylen);
WorldServer\ThirdParty\cryptopp\test.cpp	97	void GenerateRSAKey(unsigned int keyLength, const char *privFilename, const char *pubFilename, const char *seed);
WorldServer\ThirdParty\cryptopp\test.cpp	98	std::string RSAEncryptString(const char *pubFilename, const char *seed, const char *message);
WorldServer\ThirdParty\cryptopp\test.cpp	99	std::string RSADecryptString(const char *privFilename, const char *ciphertext);
WorldServer\ThirdParty\cryptopp\test.cpp	100	void RSASignFile(const char *privFilename, const char *messageFilename, const char *signatureFilename);
WorldServer\ThirdParty\cryptopp\test.cpp	101	bool RSAVerifyFile(const char *pubFilename, const char *messageFilename, const char *signatureFilename);
WorldServer\ThirdParty\cryptopp\test.cpp	103	void DigestFile(const char *file);
WorldServer\ThirdParty\cryptopp\test.cpp	104	void HmacFile(const char *hexKey, const char *file);
WorldServer\ThirdParty\cryptopp\test.cpp	106	void AES_CTR_Encrypt(const char *hexKey, const char *hexIV, const char *infile, const char *outfile);
WorldServer\ThirdParty\cryptopp\test.cpp	108	std::string EncryptString(const char *plaintext, const char *passPhrase);
WorldServer\ThirdParty\cryptopp\test.cpp	109	std::string DecryptString(const char *ciphertext, const char *passPhrase);
WorldServer\ThirdParty\cryptopp\test.cpp	111	void EncryptFile(const char *in, const char *out, const char *passPhrase);
WorldServer\ThirdParty\cryptopp\test.cpp	112	void DecryptFile(const char *in, const char *out, const char *passPhrase);
WorldServer\ThirdParty\cryptopp\test.cpp	114	void SecretShareFile(int threshold, int nShares, const char *filename, const char *seed);
WorldServer\ThirdParty\cryptopp\test.cpp	115	void SecretRecoverFile(int threshold, const char *outFilename, char *const *inFilenames);
WorldServer\ThirdParty\cryptopp\test.cpp	117	void InformationDisperseFile(int threshold, int nShares, const char *filename);
WorldServer\ThirdParty\cryptopp\test.cpp	118	void InformationRecoverFile(int threshold, const char *outFilename, char *const *inFilenames);
WorldServer\ThirdParty\cryptopp\test.cpp	120	void GzipFile(const char *in, const char *out, int deflate_level);
WorldServer\ThirdParty\cryptopp\test.cpp	121	void GunzipFile(const char *in, const char *out);
WorldServer\ThirdParty\cryptopp\test.cpp	123	void Base64Encode(const char *infile, const char *outfile);
WorldServer\ThirdParty\cryptopp\test.cpp	124	void Base64Decode(const char *infile, const char *outfile);
WorldServer\ThirdParty\cryptopp\test.cpp	125	void HexEncode(const char *infile, const char *outfile);
WorldServer\ThirdParty\cryptopp\test.cpp	126	void HexDecode(const char *infile, const char *outfile);
WorldServer\ThirdParty\cryptopp\test.cpp	132	void SetArgvPathHint(const char* argv0, std::string& pathHint);
WorldServer\ThirdParty\cryptopp\xtr.h	215	GFP2Element XTR_Exponentiate(const GFP2Element &b, const Integer &e, const Integer &p);
WorldServer\ThirdParty\lua-5.1.5\src\lapi.h	14	LUAI_FUNC void luaA_pushobject (lua_State *L, const TValue *o);
WorldServer\ThirdParty\lua-5.1.5\src\lauxlib.h	46	LUALIB_API int (luaL_getmetafield) (lua_State *L, int obj, const char *e);
WorldServer\ThirdParty\lua-5.1.5\src\lauxlib.h	47	LUALIB_API int (luaL_callmeta) (lua_State *L, int obj, const char *e);
WorldServer\ThirdParty\lua-5.1.5\src\lauxlib.h	48	LUALIB_API int (luaL_typerror) (lua_State *L, int narg, const char *tname);
WorldServer\ThirdParty\lua-5.1.5\src\lauxlib.h	49	LUALIB_API int (luaL_argerror) (lua_State *L, int numarg, const char *extramsg);
WorldServer\ThirdParty\lua-5.1.5\src\lauxlib.h	61	LUALIB_API void (luaL_checkstack) (lua_State *L, int sz, const char *msg);
WorldServer\ThirdParty\lua-5.1.5\src\lauxlib.h	65	LUALIB_API int   (luaL_newmetatable) (lua_State *L, const char *tname);
WorldServer\ThirdParty\lua-5.1.5\src\lauxlib.h	66	LUALIB_API void *(luaL_checkudata) (lua_State *L, int ud, const char *tname);
WorldServer\ThirdParty\lua-5.1.5\src\lauxlib.h	69	LUALIB_API int (luaL_error) (lua_State *L, const char *fmt, ...);
WorldServer\ThirdParty\lua-5.1.5\src\lauxlib.h	77	LUALIB_API int (luaL_loadfile) (lua_State *L, const char *filename);
WorldServer\ThirdParty\lua-5.1.5\src\lauxlib.h	80	LUALIB_API int (luaL_loadstring) (lua_State *L, const char *s);
WorldServer\ThirdParty\lua-5.1.5\src\lauxlib.h	147	LUALIB_API void (luaL_addlstring) (luaL_Buffer *B, const char *s, size_t l);
WorldServer\ThirdParty\lua-5.1.5\src\lauxlib.h	148	LUALIB_API void (luaL_addstring) (luaL_Buffer *B, const char *s);
WorldServer\ThirdParty\lua-5.1.5\src\ldebug.c	33	static const char *getfuncname (lua_State *L, CallInfo *ci, const char **name);
WorldServer\ThirdParty\lua-5.1.5\src\ldebug.h	28	LUAI_FUNC void luaG_runerror (lua_State *L, const char *fmt, ...);
WorldServer\ThirdParty\lua-5.1.5\src\ldebug.h	30	LUAI_FUNC int luaG_checkcode (const Proto *pt);
WorldServer\ThirdParty\lua-5.1.5\src\ldo.h	40	LUAI_FUNC int luaD_protectedparser (lua_State *L, ZIO *z, const char *name);
WorldServer\ThirdParty\lua-5.1.5\src\ldump.c	78	static void DumpFunction(const Proto* f, const TString* p, DumpState* D);
WorldServer\ThirdParty\lua-5.1.5\src\llex.h	73	LUAI_FUNC TString *luaX_newstring (LexState *ls, const char *str, size_t l);
WorldServer\ThirdParty\lua-5.1.5\src\llex.h	76	LUAI_FUNC void luaX_lexerror (LexState *ls, const char *msg, int token);
WorldServer\ThirdParty\lua-5.1.5\src\llex.h	77	LUAI_FUNC void luaX_syntaxerror (LexState *ls, const char *s);
WorldServer\ThirdParty\lua-5.1.5\src\llex.h	78	LUAI_FUNC const char *luaX_token2str (LexState *ls, int token);
WorldServer\ThirdParty\lua-5.1.5\src\loadlib.c	46	static void *ll_load (lua_State *L, const char *path);
WorldServer\ThirdParty\lua-5.1.5\src\loadlib.c	47	static lua_CFunction ll_sym (lua_State *L, void *lib, const char *sym);
WorldServer\ThirdParty\lua-5.1.5\src\lobject.h	372	LUAI_FUNC int luaO_rawequalObj (const TValue *t1, const TValue *t2);
WorldServer\ThirdParty\lua-5.1.5\src\lobject.h	373	LUAI_FUNC int luaO_str2d (const char *s, lua_Number *result);
WorldServer\ThirdParty\lua-5.1.5\src\lobject.h	376	LUAI_FUNC const char *luaO_pushfstring (lua_State *L, const char *fmt, ...);
WorldServer\ThirdParty\lua-5.1.5\src\lobject.h	377	LUAI_FUNC void luaO_chunkid (char *out, const char *source, size_t len);
WorldServer\ThirdParty\lua-5.1.5\src\lstring.h	28	LUAI_FUNC TString *luaS_newlstr (lua_State *L, const char *str, size_t l);
WorldServer\ThirdParty\lua-5.1.5\src\lstrlib.c	278	static const char *match (MatchState *ms, const char *s, const char *p);
WorldServer\ThirdParty\lua-5.1.5\src\ltable.h	21	LUAI_FUNC const TValue *luaH_getnum (Table *t, int key);
WorldServer\ThirdParty\lua-5.1.5\src\ltable.h	23	LUAI_FUNC const TValue *luaH_getstr (Table *t, TString *key);
WorldServer\ThirdParty\lua-5.1.5\src\ltable.h	25	LUAI_FUNC const TValue *luaH_get (Table *t, const TValue *key);
WorldServer\ThirdParty\lua-5.1.5\src\ltable.h	26	LUAI_FUNC TValue *luaH_set (lua_State *L, Table *t, const TValue *key);
WorldServer\ThirdParty\lua-5.1.5\src\ltable.h	35	LUAI_FUNC Node *luaH_mainposition (const Table *t, const TValue *key);
WorldServer\ThirdParty\lua-5.1.5\src\ltm.h	49	LUAI_FUNC const TValue *luaT_gettm (Table *events, TMS event, TString *ename);
WorldServer\ThirdParty\lua-5.1.5\src\lua.h	140	LUA_API const char     *(lua_typename) (lua_State *L, int tp);
WorldServer\ThirdParty\lua-5.1.5\src\lua.h	149	LUA_API const char     *(lua_tolstring) (lua_State *L, int idx, size_t *len);
WorldServer\ThirdParty\lua-5.1.5\src\lua.h	154	LUA_API const void     *(lua_topointer) (lua_State *L, int idx);
WorldServer\ThirdParty\lua-5.1.5\src\lua.h	163	LUA_API void  (lua_pushlstring) (lua_State *L, const char *s, size_t l);
WorldServer\ThirdParty\lua-5.1.5\src\lua.h	164	LUA_API void  (lua_pushstring) (lua_State *L, const char *s);
WorldServer\ThirdParty\lua-5.1.5\src\lua.h	167	LUA_API const char *(lua_pushfstring) (lua_State *L, const char *fmt, ...);
WorldServer\ThirdParty\lua-5.1.5\src\lua.h	178	LUA_API void  (lua_getfield) (lua_State *L, int idx, const char *k);
WorldServer\ThirdParty\lua-5.1.5\src\lua.h	191	LUA_API void  (lua_setfield) (lua_State *L, int idx, const char *k);
WorldServer\ThirdParty\lua-5.1.5\src\lua.h	334	LUA_API int lua_getinfo (lua_State *L, const char *what, lua_Debug *ar);
WorldServer\ThirdParty\lua-5.1.5\src\lua.h	335	LUA_API const char *lua_getlocal (lua_State *L, const lua_Debug *ar, int n);
WorldServer\ThirdParty\lua-5.1.5\src\lua.h	336	LUA_API const char *lua_setlocal (lua_State *L, const lua_Debug *ar, int n);
WorldServer\ThirdParty\lua-5.1.5\src\lua.h	337	LUA_API const char *lua_getupvalue (lua_State *L, int funcindex, int n);
WorldServer\ThirdParty\lua-5.1.5\src\lua.h	338	LUA_API const char *lua_setupvalue (lua_State *L, int funcindex, int n);
WorldServer\ThirdParty\lua-5.1.5\src\lundump.h	14	LUAI_FUNC Proto* luaU_undump (lua_State* L, ZIO* Z, Mbuffer* buff, const char* name);
WorldServer\ThirdParty\lua-5.1.5\src\lundump.h	20	LUAI_FUNC int luaU_dump (lua_State* L, const Proto* f, lua_Writer w, void* data, int strip);
WorldServer\ThirdParty\lua-5.1.5\src\lundump.h	24	LUAI_FUNC void luaU_print (const Proto* f, int full);
WorldServer\ThirdParty\lua-5.1.5\src\lvm.h	25	LUAI_FUNC int luaV_lessthan (lua_State *L, const TValue *l, const TValue *r);
WorldServer\ThirdParty\lua-5.1.5\src\lvm.h	26	LUAI_FUNC int luaV_equalval (lua_State *L, const TValue *t1, const TValue *t2);
WorldServer\ThirdParty\lua-5.1.5\src\lvm.h	27	LUAI_FUNC const TValue *luaV_tonumber (const TValue *obj, TValue *n);
WorldServer\ThirdParty\tinyxml\tinystr.h	275	TiXmlString operator + (const TiXmlString & a, const TiXmlString & b);
WorldServer\ThirdParty\tinyxml\tinystr.h	276	TiXmlString operator + (const TiXmlString & a, const char* b);
WorldServer\ThirdParty\tinyxml\tinystr.h	277	TiXmlString operator + (const char* a, const TiXmlString & b);
WorldServer\ThirdParty\tinyxml\tinyxml.cpp	36	FILE* TiXmlFOpen( const char* filename, const char* mode );
