WorldServer\Entities\a_trade_adjust_price_result_zocl.h	18	inline __int64 _a_trade_adjust_price_result_zocl::size() const
WorldServer\Entities\a_trade_clear_item_result_zocl.h	14	inline __int64 _a_trade_clear_item_result_zocl::size() const
WorldServer\Entities\add_char_result_zone.h	13	inline __int64 _add_char_result_zone::size() const
WorldServer\Entities\AggroCaculateData.cpp	65	bool AggroCaculateData::Load(const char *fileName)
WorldServer\Entities\announ_message_receipt_udp.h	25	inline unsigned __int16 _announ_message_receipt_udp::size() const
WorldServer\Entities\apex_send_trans.h	12	inline __int64 _apex_send_trans::size() const
WorldServer\Entities\AutoMineMachineMng.cpp	1344	unsigned __int8 AutoMineMachineMng::_db_qry_insert_newowner(const _qry_case_amine_newowner *query)
WorldServer\Entities\AutoMineMachineMng.cpp	1393	unsigned __int8 AutoMineMachineMng::_db_qry_update_mineore(const _qry_case_amine_mineore *query)
WorldServer\Entities\AutoMineMachineMng.cpp	1415	unsigned __int8 AutoMineMachineMng::_db_qry_update_workstate(const _qry_case_amine_workstate *query)
WorldServer\Entities\AutoMineMachineMng.cpp	1434	unsigned __int8 AutoMineMachineMng::_db_qry_update_selore(const _qry_case_amine_selore *query)
WorldServer\Entities\AutoMineMachineMng.cpp	1453	unsigned __int8 AutoMineMachineMng::_db_qry_update_battery_discharge(const _qry_case_amine_battery_discharge *query)
WorldServer\Entities\AutoMineMachineMng.cpp	1472	unsigned __int8 AutoMineMachineMng::_db_qry_update_moveore(const _qry_case_amine_moveore *query)
WorldServer\Entities\AutoMineMachineMng.h	136	TInvenSlot<T>::TInvenSlot(const TInvenSlot &rhs)
WorldServer\Entities\AutoMineMachineMng.h	153	bool TInvenSlot<T>::is_empty() const
WorldServer\Entities\AutoMineMachineMng.h	165	int TInvenSlot<T>::get_overlapnum() const
WorldServer\Entities\AutoMineMachineMng.h	177	bool TInvenSlot<T>::able_overlap(const T *pItem, int nNum) const
WorldServer\Entities\AutoMineMachineMng.h	183	int TInvenSlot<T>::push(const T *pItem, unsigned int nNum)
WorldServer\Entities\AutoMineMachineMng.h	213	int TInvenSlot<T>::pop(const T *pItem, int nNum)
WorldServer\Entities\AutoMineMachineMng.h	275	int TInvenPage<T>::find_pos_overlap(const T *pItem, int nNum)
WorldServer\Entities\AutoMineMachineMng.h	288	int TInvenPage<T>::find_empty(const T *pItem, int nNum)
WorldServer\Entities\AutoMineMachineMng.h	298	int TInvenPage<T>::push_overlap(const T *pItem, int nNum, int nS)
WorldServer\Entities\AutoMineMachineMng.h	308	int TInvenPage<T>::push_normal(const T *pItem, int nS)
WorldServer\Entities\AutoMineMachineMng.h	318	int TInvenPage<T>::push(const T *pItem, int nS, int nNum)
WorldServer\Entities\AutoMineMachineMng.h	332	int TInvenPage<T>::pop(const T *pItem, int nS, int nNum)
WorldServer\Entities\AutoMineMachineMng.h	374	bool TInventory<T>::find_empty(const T *pItem, int nNum, int *nP, int *nS)
WorldServer\Entities\AutoMineMachineMng.h	404	int TInventory<T>::push(int nP, int nS, const T *pItem, int nNum)
WorldServer\Entities\AutoMineMachineMng.h	414	int TInventory<T>::pop(int nP, int nS, const T *pItem, int nNum)
WorldServer\Entities\AutominePersonal.cpp	56	unsigned int _personal_automine_uninstall_zocl::size() const
WorldServer\Entities\AutominePersonal.cpp	66	unsigned int _personal_automine_uninstall_circle_zocl::size() const
WorldServer\Entities\AutominePersonal.cpp	76	unsigned int _personal_automine_current_state_zocl::size() const
WorldServer\Entities\cancel_raceboss_msg_result_zoct.h	14	inline unsigned __int16 _cancel_raceboss_msg_result_zoct::size() const
WorldServer\Entities\CandidateMgr.cpp	262	bool CandidateMgr::Regist(unsigned __int8 byRace, const _PVP_RANK_DATA *pData)
WorldServer\Entities\CandidateMgr.cpp	305	const CandidateMgr::_candidate_info *CandidateMgr::GetCandidate(unsigned __int8 byRace, unsigned int dwIdx)
WorldServer\Entities\CandidateMgr.cpp	315	const CandidateMgr::_candidate_info *CandidateMgr::GetLeader(unsigned __int8 byRace, unsigned int nIdx)
WorldServer\Entities\CandidateMgr.cpp	457	const CandidateMgr::_candidate_info *CandidateMgr::GetCandidate_2st(
WorldServer\Entities\CandidateRegister.cpp	26	unsigned __int16 CandidateRegister::_pt_result_fcandidacy_list_zocl::size() const
WorldServer\Entities\CashDbWorker.cpp	486	void CashDbWorker::_all_rollback(const _param_cash_update *psheet)
WorldServer\Entities\CashDbWorker.cpp	656	bool CashDbWorker::_insert_to_inven(CPlayer *const pOne, _param_cash_update::__item *pGII)
WorldServer\Entities\CashDbWorker.cpp	720	void CashDbWorker::_delete_from_inven(CPlayer *const pOne, const _param_cash_update *psheet, int nNum)
WorldServer\Entities\CashDbWorker.cpp	762	void CashDbWorker::SendMsgSucceedBuy(unsigned __int16 wSock, const _param_cash_update *sheet)
WorldServer\Entities\CashItemRemoteStore.cpp	385	const _CashShop_fld *CashItemRemoteStore::FindCashRec(unsigned int nTbl, int nIdx)
WorldServer\Entities\CashItemRemoteStore.cpp	1117	void CashItemRemoteStore::log_about_cash_event(const char *szLoadInfo, _cash_discount_ini_ *pIni)
WorldServer\Entities\CashItemRemoteStore.cpp	2257	bool CashItemRemoteStore::IsBuyCashItemByGold() const
WorldServer\Entities\CAsyncLogBuffer.cpp	39	bool CAsyncLogBuffer::Log(const char *pszFileName, const char *szLog, int iLen)
WorldServer\Entities\CAsyncLogBufferList.cpp	68	bool CAsyncLogBufferList::Log(const char *pszFileName, const char *szLog, int iLen)
WorldServer\Entities\CAsyncLogBufferList.cpp	104	void CAsyncLogBufferList::WriteFile(const char *pszFileName, unsigned long nLen, const char *pszData)
WorldServer\Entities\CAsyncLogger.cpp	46	const char *directory,
WorldServer\Entities\CAsyncLogger.cpp	47	const char *filePrefix,
WorldServer\Entities\CAsyncLogger.cpp	224	void CAsyncLogger::Log(const char *szFileName, const char *szLog, int iLenStr)
WorldServer\Entities\CAsyncLogger.cpp	260	bool CAsyncLogger::Log(int iType, const char *szLog)
WorldServer\Entities\CAsyncLogger.cpp	342	bool CAsyncLogger::FormatLog(int iType, const char *fmt, ...)
WorldServer\Entities\CAsyncLogger.cpp	351	void CAsyncLogger::SystemLog(const char *fmt, ...)
WorldServer\Entities\CAsyncLogInfo.cpp	32	const char *szDirPath,
WorldServer\Entities\CAsyncLogInfo.cpp	33	const char *szTypeName,
WorldServer\Entities\CBsp.cpp	200	int CBsp::GetPath(float *const a2, float *const a3)
WorldServer\Entities\CBsp.cpp	508	float CBsp::GetFirstYpos(float *const a2, float *const a3, float *const a4)
WorldServer\Entities\CBsp.cpp	522	float CBsp::GetFirstYpos(float *const a2, int a3)
WorldServer\Entities\CBsp.cpp	599	float CBsp::GetFirstYpos(float *const a2, __int16 *const a3, __int16 *const a4)
WorldServer\Entities\CBsp.cpp	656	__int16 CBsp::GetLeafNum(float *const a2)
WorldServer\Entities\CBsp.cpp	727	float CBsp::GetYposInLeaf(float *const a2, float *const a3, float a4, float a5, int a6)
WorldServer\Entities\CBsp.cpp	790	float CBsp::GetBestYposInLeaf(float *const a2, float *const a3, float a4, float a5, int a6)
WorldServer\Entities\CBsp.cpp	865	float CBsp::GetYposInLeafUseEdgeNormal(float *const a2, float *const a3, float a4, float a5, int a6)
WorldServer\Entities\CBsp.cpp	924	__int64 CBsp::GetLightFromPoint(float *const a2, int a3)
WorldServer\Entities\CBsp.cpp	1014	__int64 CBsp::GetColorFromPoint(int a2, float *const a3)
WorldServer\Entities\CBsp.cpp	1136	void CBsp::GetLightMapUVFromPoint(float *const a2, int a3, float *const a4)
WorldServer\Entities\CBsp.cpp	1247	void CBsp::GetLeafList(float *const a2, float *const a3, int *const a4, __int16 *a5, unsigned int a6)
WorldServer\Entities\CBsp.cpp	1255	void CBsp::WalkNodeForLeafList(short nNodeId, float *const a3, float *const a4, short *a5, int *a6)
WorldServer\Entities\CBsp.cpp	1281	void CBsp::SubLeafList(float dist, _BSP_NODE *pNode, float *const a4, float *const a5, short *a6, int *a7)
WorldServer\Entities\CCashDbWorkerNULL.cpp	60	void CCashDbWorkerNULL::_all_rollback(const _param_cash_update *psheet)
WorldServer\Entities\CCharacter.cpp	823	void CCharacter::SendMsg_RobedHP(const CCharacter *pkPerform, unsigned __int16 wRobedHP)
WorldServer\Entities\CCircleZone.cpp	86	int CCircleZone::GetPortalInx() const
WorldServer\Entities\CCryptor.cpp	40	bool CCryptor::Init(const char *szKeyPath, bool bUseCreate)
WorldServer\Entities\CCryptor.cpp	72	const unsigned __int8 *pBuff,
WorldServer\Entities\CCryptParam.cpp	58	const unsigned __int8 *pText,
WorldServer\Entities\CCryptParam.cpp	83	void CCryptParam::LoadKey(CryptoPP::ByteQueue *kQueuePub, const char *szKeyPath)
WorldServer\Entities\CCryptParam.cpp	111	bool CCryptParam::Load(const char *szKeyPath)
WorldServer\Entities\CDarkHoleDungeonQuestSetup.cpp	34	void __error_info::SetFileName(const char *pszFileName)
WorldServer\Entities\CDarkHoleDungeonQuestSetup.cpp	40	void __error_info::SetQuestTitle(const char *pszTitle)
WorldServer\Entities\CDummyPosTable.cpp	26	bool CDummyPosTable::LoadDummyPosition(const char *szFileName, const char *szLabel)
WorldServer\Entities\CDummyPosTable.cpp	196	void *CDummyPosTable::GetRecord(const char *szLabel)
WorldServer\Entities\CEntity.cpp	45	float *const pos,
WorldServer\Entities\CEventLootTable.cpp	107	CEventLootTable::_event_drop *CEventLootTable::GetRecord(const char *szRecordCode)
WorldServer\Entities\CExtDummy.cpp	30	bool CExtDummy::LoadExtDummy(const char *szFileName)
WorldServer\Entities\CExtDummy.cpp	213	bool CExtDummy::IsInBBox(unsigned int nDummyIndex, float *const pos)
WorldServer\Entities\CGravityStoneRegener.cpp	86	int CGravityStoneRegener::GetPortalInx() const
WorldServer\Entities\CGuild.cpp	2199	const char *pwszIOerName,
WorldServer\Entities\CGuild.cpp	2225	const char *pwszIOerName,
WorldServer\Entities\CGuildRoomInfo.cpp	24	CGuildRoomInfo::CGuildRoomInfo(const CGuildRoomInfo &other)
WorldServer\Entities\character_disconnect_result_wrac.h	13	inline unsigned __int16 _character_disconnect_result_wrac::size() const
WorldServer\Entities\chat_far_failure_zocl.h	12	inline unsigned __int16 _chat_far_failure_zocl::size() const
WorldServer\Entities\chat_guild_failure_zocl.h	12	inline unsigned __int16 _chat_guild_failure_zocl::size() const
WorldServer\Entities\chat_lock_inform_zocl.h	12	inline __int64 _chat_lock_inform_zocl::size() const
WorldServer\Entities\chat_message_receipt_udp.h	25	inline unsigned __int16 _chat_message_receipt_udp::size() const
WorldServer\Entities\chat_multi_far_failure_zocl.h	13	inline unsigned __int16 _chat_multi_far_failure_zocl::size() const
WorldServer\Entities\chat_steal_message_gm_zocl.cpp	7	__int64 _chat_steal_message_gm_zocl::size() const
WorldServer\Entities\CHEAT_COMMAND.cpp	28	bool CHEAT_COMMAND::operator()(const CHEAT_COMMAND *lhs, const CHEAT_COMMAND *rhs)
WorldServer\Entities\CheatCommands.cpp	77	bool CHEAT_COMMAND::operator()(const CHEAT_COMMAND *lhs, const CHEAT_COMMAND *rhs)
WorldServer\Entities\CHonorGuild.cpp	30	int _guild_honor_list_result_zocl::size() const
WorldServer\Entities\CIniFile.cpp	22	CIniFile::CIniFile(const char *strPath)
WorldServer\Entities\CIniFile.cpp	32	void CIniFile::SetIniFilename(const char *strPath)
WorldServer\Entities\CIniFile.cpp	91	bool CIniFile::WriteString(const char *strSection, const char *strKey, const char *strValue)
WorldServer\Entities\CIniFile.cpp	131	INI_Section *CIniFile::LoadSection(const char *strSection)
WorldServer\Entities\CIniFile.cpp	186	INI_Key *CIniFile::LoadKey(const char *strSection, const char *strKey)
WorldServer\Entities\CIniFile.cpp	234	INI_Section *CIniFile::GetSection(const char *strSection)
WorldServer\Entities\CIniFile.cpp	251	INI_Key *CIniFile::GetKey(const char *strSection, const char *strKey)
WorldServer\Entities\CIniFile.cpp	287	BOOL CIniFile::DeleteKey(const char *lpSection, const char *lpKey)
WorldServer\Entities\CIniFile.cpp	317	BOOL CIniFile::DeleteSection(const char *lpSection)
WorldServer\Entities\CIniFile.cpp	395	INI_Key *INI_Section::GetKey(const char *strKey)
WorldServer\Entities\CItemLootTable.cpp	10	bool CItemLootTable::ReadRecord(const char *fileName, CRecordData *itemTables, char *errCode)
WorldServer\Entities\CItemStoreManager.cpp	471	void CItemStoreManager::Log(const char *fmt, ...)
WorldServer\Entities\CItemUpgradeTable.cpp	13	bool CItemUpgradeTable::ReadRecord(const char *fileName, CRecordData *resTable, char *errCode)
WorldServer\Entities\CLevel.cpp	51	void CLevel::LoadLevel(const char *szFileName)
WorldServer\Entities\CLevel.cpp	219	float *const a2,
WorldServer\Entities\CLevel.cpp	220	float *const a3,
WorldServer\Entities\CLevel.cpp	243	float *const a2,
WorldServer\Entities\CLevel.cpp	244	float *const a3,
WorldServer\Entities\CLevel.cpp	266	__int64 CLevel::GetNextYposForServer(float *const a2, float *a3)
WorldServer\Entities\CLevel.cpp	311	__int64 CLevel::GetNextYposForServerFar(float *const a2, float *const a3, float *a4)
WorldServer\Entities\CLevel.cpp	387	__int64 CLevel::GetNextYposFarProgress(float *const a2, float *const a3, float *a4)
WorldServer\Entities\CLogFile.cpp	21	void CLogFile::SetWriteLogFile(const char *fileName, int addCount, int date, int trace, int init)
WorldServer\Entities\CLogFile.cpp	39	void CLogFile::Write(const char *format, ...)
WorldServer\Entities\CLogFile.cpp	47	void CLogFile::WriteFromArg(const char *format, va_list arg)
WorldServer\Entities\CLogFile.cpp	105	void CLogFile::WriteFromArg(const wchar_t *format, va_list arg)
WorldServer\Entities\CLogFile.cpp	168	void CLogFile::WriteString(const char *fmt)
WorldServer\Entities\CLogTypeDBTaskManager.cpp	450	bool CLogTypeDBTaskManager::InitDB(const char *szDBName, const char *szDBIP)
WorldServer\Entities\CLogTypeDBTaskManager.cpp	618	void CLogTypeDBTaskManager::Log(const char *fmt, ...)
WorldServer\Entities\CLuaCommand.cpp	20	void CLuaCommand::SetCmd(unsigned __int8 byType, const char *strName)
WorldServer\Entities\CLuaCommandEx.cpp	21	void CLuaCommandEx::SetCmd(unsigned __int8 byType, const char *strScriptName, const char *strName)
WorldServer\Entities\CLuaEventMgr.cpp	144	CLuaEventNode *CLuaEventMgr::SearchEvent(const char *strFileName)
WorldServer\Entities\CLuaEventNode.cpp	38	void CLuaEventNode::SetName(const char *strName)
WorldServer\Entities\CLuaEventNode.cpp	43	void CLuaEventNode::SetCallFun(const char *strCallFunName, unsigned long dwTime)
WorldServer\Entities\CLuaEventNode.cpp	68	const char *CLuaEventNode::GetName()
WorldServer\Entities\CLuaLootingMgr.cpp	76	const char *strItemCode,
WorldServer\Entities\CLuaScript.cpp	26	const char *CLuaScript::GetName()
WorldServer\Entities\CLuaScript.cpp	65	void CLuaScript::SetName(const char *name)
WorldServer\Entities\CLuaScriptMgr.cpp	215	CLuaScript *CLuaScriptMgr::SearchScript(const char *name)
WorldServer\Entities\CLuaSignalReActor.cpp	103	const char *strScriptName,
WorldServer\Entities\CLuaSignalReActor.cpp	104	const char *strName)
WorldServer\Entities\CMainThread_DB.cpp	28	const char *pszIP)
WorldServer\Entities\CMainThread_DB.cpp	398	const char *pszPurpose)
WorldServer\Entities\CMainThread_DB.cpp	452	const char *pszPurpose,
WorldServer\Entities\CMainThread.cpp	261	bool CMainThread::IsTestServer() const
WorldServer\Entities\CMainThread.cpp	266	bool CMainThread::IsReleaseServiceMode() const
WorldServer\Entities\CMainThread.cpp	271	bool CMainThread::IsExcuteService() const
WorldServer\Entities\CMainThread.cpp	276	unsigned int CMainThread::GetMonsterRecordNum() const
WorldServer\Entities\CMainThread.cpp	638	__int64 GuildCreateEventInfo::GetEstConsumeDalant() const
WorldServer\Entities\CMainThread.cpp	643	__int64 GuildCreateEventInfo::GetEmblemDalant() const
WorldServer\Entities\CMapDataTable.cpp	7	bool CMapDataTable::ReadScript(const char *szFileName)
WorldServer\Entities\CMapOperation.cpp	674	CMapData *CMapOperation::GetMap(const char *szMapCode)
WorldServer\Entities\CMgrAvatorItemHistory.cpp	233	const CUnmannedTraderRegistItemInfo *pkInfo,
WorldServer\Entities\CMgrAvatorItemHistory.cpp	750	const CUnmannedTraderRegistItemInfo *pkInfo,
WorldServer\Entities\CMgrAvatorItemHistory.cpp	954	const char *pszThrowerName,
WorldServer\Entities\CMgrAvatorItemHistory.cpp	956	const char *pszThrowerID,
WorldServer\Entities\CMgrAvatorItemHistory.cpp	958	const char *pMapCode,
WorldServer\Entities\CMgrAvatorItemHistory.cpp	960	const char *pszFileName)
WorldServer\Entities\CMgrAvatorItemHistory.cpp	1044	const char *pszTakerName,
WorldServer\Entities\CMgrAvatorItemHistory.cpp	1046	const char *pszTakerID,
WorldServer\Entities\CMgrAvatorItemHistory.cpp	1047	const char *pszFileName)
WorldServer\Entities\CMgrAvatorItemHistory.cpp	1715	void CMgrAvatorItemHistory::WriteFile(const char *pszFileName, const char *pszLog)
WorldServer\Entities\CMgrAvatorItemHistory.cpp	1855	void CMgrAvatorItemHistory::consume_del_item(int n, _STORAGE_LIST::_db_con *pItem, const char *pszFileName)
WorldServer\Entities\CMgrAvatorItemHistory.cpp	1874	const char *pszClause,
WorldServer\Entities\CMgrAvatorItemHistory.cpp	1896	const char *pszClause,
WorldServer\Entities\CMgrAvatorItemHistory.cpp	2047	const char *strErrorCodePos,
WorldServer\Entities\CMgrAvatorItemHistory.cpp	2362	const char *szLogDesc,
WorldServer\Entities\CMgrAvatorItemHistory.cpp	2367	const char *szFileName)
WorldServer\Entities\CMgrAvatorItemHistory.cpp	2385	const unsigned int *pdwMineCnt,
WorldServer\Entities\CMgrAvatorItemHistory.cpp	2411	const unsigned int *pdwMineCnt,
WorldServer\Entities\CMgrAvatorItemHistory.cpp	2414	const char *szFileName)
WorldServer\Entities\CMgrAvatorItemHistory.cpp	2580	const char *szBuyerName,
WorldServer\Entities\CMgrAvatorItemHistory.cpp	2582	const char *szBuyerID,
WorldServer\Entities\CMgrAvatorItemHistory.cpp	2617	const char *szSellerName,
WorldServer\Entities\CMgrAvatorItemHistory.cpp	2619	const char *szSellerID,
WorldServer\Entities\CMgrGuildHistory.cpp	99	void CMgrGuildHistory::WriteFile(const char *pszFileName, const char *pszLog)
WorldServer\Entities\CMgrGuildHistory.cpp	227	const char *pszIOerName,
WorldServer\Entities\CMgrGuildHistory.cpp	233	const char *pszFileName)
WorldServer\Entities\CMonsterEventSet.cpp	30	bool CMonsterEventSet::IsINIFileChanged(const char *pszFileName, _FILETIME ftCurr)
WorldServer\Entities\CMonsterEventSet.cpp	452	_event_set_looting *CMonsterEventSet::GetEvenSetLooting(const char *pszCode)
WorldServer\Entities\CMonsterSkill.cpp	44	void CMonsterSkill::Copy(const CMonsterSkill *other)
WorldServer\Entities\CMoveMapLimitRight.cpp	61	int CMoveMapLimitRight::GetType() const
WorldServer\Entities\CMoveMapLimitRightInfo.cpp	11	CMoveMapLimitRightInfo::CMoveMapLimitRightInfo(const CMoveMapLimitRightInfo &rhs)
WorldServer\Entities\CMoveMapLimitRightInfoList.cpp	17	bool CMoveMapLimitRightInfoList::Init(const std::vector<int> *vecRightTypeList)
WorldServer\Entities\CMsgData.cpp	24	unsigned int _message::GetMessageA() const
WorldServer\Entities\CMsgData.cpp	29	unsigned int _message::GetKey1() const
WorldServer\Entities\CNationCodeStr.cpp	7	CNationCodeStr::CNationCodeStr(int code, const char *codeStr)
WorldServer\Entities\CNationCodeStrTable.cpp	96	int CNationCodeStrTable::GetCode(const char *code)
WorldServer\Entities\CNationCodeStrTable.cpp	107	const char *CNationCodeStrTable::GetStr(int code)
WorldServer\Entities\CNationSettingData.cpp	61	const char *CNationSettingData::GetItemName(_NameTxt_fld *pFld)
WorldServer\Entities\CNationSettingData.cpp	73	bool CNationSettingData::IsNormalString(const char *szString)
WorldServer\Entities\CNationSettingData.cpp	78	bool CNationSettingData::IsNormalString(const wchar_t *wszString)
WorldServer\Entities\CNationSettingData.cpp	83	bool CNationSettingData::IsNormalChar(const wchar_t wcChar)
WorldServer\Entities\CNationSettingData.cpp	122	bool CNationSettingData::IsApplyPcbangPrimium(const CPlayer *pUser)
WorldServer\Entities\CNationSettingData.cpp	202	const char *strData,
WorldServer\Entities\CNationSettingData.cpp	245	bool CNationSettingData::IsNormalStringDefProc(const char *szString, const char *szException)
WorldServer\Entities\CNationSettingData.cpp	291	bool CNationSettingData::IsNormalStringDefProc(const wchar_t *wszString, const wchar_t *wszException)
WorldServer\Entities\CNationSettingDataRU.cpp	57	const char *CNationSettingDataRU::GetItemName(_NameTxt_fld *pFld)
WorldServer\Entities\CNationSettingFactory.cpp	606	const char *szCheat,
WorldServer\Entities\CNationSettingFactory.cpp	643	bool CNationSettingFactory::IsExistCheat(const char *szCheat, CNationSettingData *pkData)
WorldServer\Entities\CNationSettingFactoryBR.cpp	16	const char *szNationCodeStr,
WorldServer\Entities\CNationSettingFactoryCN.cpp	16	const char *szNationCodeStr,
WorldServer\Entities\CNationSettingFactoryES.cpp	16	const char *szNationCodeStr,
WorldServer\Entities\CNationSettingFactoryGB.cpp	16	const char *szNationCodeStr,
WorldServer\Entities\CNationSettingFactoryGroup.cpp	178	const char *szNationCodeStr,
WorldServer\Entities\CNationSettingFactoryID.cpp	16	const char *szNationCodeStr,
WorldServer\Entities\CNationSettingFactoryJP.cpp	16	const char *szNationCodeStr,
WorldServer\Entities\CNationSettingFactoryKR.cpp	21	const char *szNationCodeStr,
WorldServer\Entities\CNationSettingFactoryPH.cpp	16	const char *szNationCodeStr,
WorldServer\Entities\CNationSettingFactoryRU.cpp	16	const char *szNationCodeStr,
WorldServer\Entities\CNationSettingFactoryTH.cpp	16	const char *szNationCodeStr,
WorldServer\Entities\CNationSettingFactoryTW.cpp	16	const char *szNationCodeStr,
WorldServer\Entities\CNationSettingFactoryUS.cpp	16	const char *szNationCodeStr,
WorldServer\Entities\CNationSettingManager.cpp	25	int CNationSettingManager::Init(int nationCode, const char *nationCodeStr, bool serviceMode)
WorldServer\Entities\CNationSettingManager.cpp	67	const char *CNationSettingManager::GetItemName(_NameTxt_fld *pFld)
WorldServer\Entities\CNationSettingManager.cpp	90	bool CNationSettingManager::IsApplyPcbangPrimium(const CPlayer *pUser)
WorldServer\Entities\CNationSettingManager.cpp	229	bool CNationSettingManager::IsNormalString(const char *szString)
WorldServer\Entities\CNetworkEX.cpp	488	void CNetworkEX::Close(unsigned int dwProID, unsigned int dwSocketIndex, bool bSlowClose, const char *pszLog)
WorldServer\Entities\CNuclearBombMgr.cpp	21	int _nuclear_bomb_current_state_zocl::size() const
WorldServer\Entities\connection_status_result_zoct.h	12	inline unsigned __int16 _connection_status_result_zoct::size() const
WorldServer\Entities\COreCuttingTable.cpp	10	bool COreCuttingTable::ReadRecord(const char *fileName, CRecordData *oreTable, CRecordData *resTable, char *errCode)
WorldServer\Entities\CParticle.cpp	86	void GetEntityAnimationPos(float *const a1, CParticle *a2)
WorldServer\Entities\CPathFinder.cpp	11	__int64 CPathFinder::AddPath(float *const a2, int a3)
WorldServer\Entities\CPlayer_Missing.cpp	1121	const _target_monster_contsf_allinform_zocl &left,
WorldServer\Entities\CPlayer_Missing.cpp	1122	const _target_monster_contsf_allinform_zocl &right)
WorldServer\Entities\CPlayer_Missing.cpp	1149	const _target_player_damage_contsf_allinform_zocl &left,
WorldServer\Entities\CPlayer_Missing.cpp	1150	const _target_player_damage_contsf_allinform_zocl &right)
WorldServer\Entities\CPlayer_Missing.cpp	2553	void CPlayer::SendMsg_SkillResult(unsigned __int8 byErrCode, const _CHRID *targetId, unsigned __int8 bySkillIndex, unsigned __int8 nSFLv)
WorldServer\Entities\CPlayer_Missing.cpp	2605	void CPlayer::SendMsg_ClassSkillResult(unsigned __int8 byErrCode, const _CHRID *targetId, unsigned __int16 wSkillIndex)
WorldServer\Entities\CPlayer_Missing.cpp	2655	void CPlayer::SendMsg_ForceResult(unsigned __int8 byErrCode, const _CHRID *targetId, _STORAGE_LIST::_db_con *pForceItem, unsigned __int8 nSFLv)
WorldServer\Entities\CPlayer_Missing.cpp	2847	void CPlayer::SendMsg_GroupTargetInform(char byGroupType, const char *pwszName)
WorldServer\Entities\CPlayer_Missing.cpp	2923	void CPlayer::SendMsg_UILock_FindPW_Result(char resultCode, const char *password, char failCount)
WorldServer\Entities\CPlayer_Missing.cpp	2994	const char *password,
WorldServer\Entities\CPlayer_Missing.cpp	2996	const char *hintAnswer)
WorldServer\Entities\CPlayer_Missing.cpp	3012	const char *password,
WorldServer\Entities\CPlayer_Missing.cpp	3014	const char *hintAnswer)
WorldServer\Entities\CPlayer_Missing.cpp	5718	const char *strErrorCodePos,
WorldServer\Entities\CPlayer.cpp	1038	bool _happen_event_cont::isset() const
WorldServer\Entities\CPlayer.cpp	3214	void CPlayer::pc_GotoAvatorRequest(const char *pwszAvatorName)
WorldServer\Entities\CPlayer.cpp	4004	const char *strErrorCodePos)
WorldServer\Entities\CPlayer.cpp	16399	__int64 GetItemEquipGrade(int nTableCode, const char *szRecordCode)
WorldServer\Entities\CPlayer.cpp	21903	const char *szCharName,
WorldServer\Entities\CPlayer.cpp	25085	char CPlayer::pc_CharacterRenameCash(bool bChange, _STORAGE_POS_INDIV *pItem, const char *strCharacterName)
WorldServer\Entities\CPlayer.cpp	25191	char CPlayer::pc_CharacterRenameCheck(const char *strCharacterName)
WorldServer\Entities\CPlayer.cpp	25333	void CPlayer::CheckMentalTakeAndUpdateLastMetalTicket(const char *strItemCode)
WorldServer\Entities\CPlayerDB.cpp	1080	bool _SFCONT_DB_BASE::_LIST::IsFilled() const
WorldServer\Entities\CPlayerDB.cpp	1085	unsigned int _SFCONT_DB_BASE::_LIST::GetEffectCode() const
WorldServer\Entities\CPlayerDB.cpp	1090	unsigned int _SFCONT_DB_BASE::_LIST::GetEffectIndex() const
WorldServer\Entities\CPlayerDB.cpp	1095	unsigned int _SFCONT_DB_BASE::_LIST::GetLv() const
WorldServer\Entities\CPlayerDB.cpp	1100	unsigned int _SFCONT_DB_BASE::_LIST::GetLeftTime() const
WorldServer\Entities\CPlayerDB.cpp	1105	unsigned int _SFCONT_DB_BASE::_LIST::GetOrder() const
WorldServer\Entities\CPostSystemManager.cpp	289	void CPostSystemManager::Log(const char *fmt, ...)
WorldServer\Entities\CPostSystemManager.cpp	302	void CPostSystemManager::Log(const wchar_t *fmt, ...)
WorldServer\Entities\CPotionMgr.cpp	338	const _PotionItem_fld *pfB,
WorldServer\Entities\CPotionMgr.cpp	661	const _PotionItem_fld *pfB,
WorldServer\Entities\CPotionMgr.cpp	951	char CPotionMgr::CheckPotionUsableMap(const _PotionItem_fld *pPotionFld, CMapData *pMap)
WorldServer\Entities\CPvpCashMng.cpp	142	char CPvpCashMng::IsTalikItem(const char *strCode)
WorldServer\Entities\CPvpCashMng.cpp	173	const char *szTitle,
WorldServer\Entities\CPvpCashMng.cpp	174	const char *szItem,
WorldServer\Entities\CPvpOrderView.cpp	17	int _pvp_order_view_inform_zocl::size() const
WorldServer\Entities\CPvpUserAndGuildRankingSystem.cpp	72	const _PVP_RANK_DATA *CPvpUserAndGuildRankingSystem::GetCurrentPvpRankData(unsigned __int8 byRace, unsigned __int8 byNth)
WorldServer\Entities\CPvpUserAndGuildRankingSystem.cpp	96	void CPvpUserAndGuildRankingSystem::Log(const char *fmt, ...)
WorldServer\Entities\CRaceBossMsgController.cpp	64	const char *pwszName,
WorldServer\Entities\CRaceBossMsgController.cpp	65	const char *pwszMsg,
WorldServer\Entities\CRaceBossMsgController.cpp	383	const char *pwszName,
WorldServer\Entities\CRaceBossMsgController.cpp	384	const char *pwszMsg,
WorldServer\Entities\CRaceBossMsgController.cpp	694	const char *wszName,
WorldServer\Entities\CRaceBossMsgController.cpp	695	const char *pwszMsg,
WorldServer\Entities\CRaceBossMsgController.cpp	728	char CRaceBossMsgController::Send(CPlayer *pkSender, const char *pwszMsg)
WorldServer\Entities\CRaceBossMsgController.cpp	1079	const char *pwszName)
WorldServer\Entities\CRaceBuffHolyQuestResultInfo.cpp	99	bool CRaceBuffHolyQuestResultInfo::SaveINISubProcSaveNum(const char *szItem, unsigned int value)
WorldServer\Entities\CRecordData.cpp	22	bool CRecordData::ReadRecord(const char *fileName, int structSize, char *errCode)
WorldServer\Entities\CRecordData.cpp	106	bool CRecordData::ReadRecord_Ex(const char *fileName1, const char *fileName2, unsigned int structSize, char *errCode)
WorldServer\Entities\CRecordData.cpp	229	unsigned int CRecordData::FileSize(const char *fileName)
WorldServer\Entities\CRecordData.cpp	242	unsigned int CRecordData::GetRecordNum() const
WorldServer\Entities\CRecordData.cpp	256	_base_fld *CRecordData::GetRecord(const char *code)
WorldServer\Entities\CRecordData.cpp	269	_base_fld *CRecordData::GetRecord(const char *szRecordCode, int nCompareLen)
WorldServer\Entities\CRecordData.cpp	282	_base_fld *CRecordData::GetRecordByHash(const char *szRecordCode, int offset, int len)
WorldServer\Entities\CRecordData.cpp	339	unsigned int CRecordData::MakeHash(const char *p, int len)
WorldServer\Entities\CRecordData.cpp	367	bool CRecordData::IsTableOpen() const
WorldServer\Entities\CRFNewDatabase.cpp	124	const char *szDSN,
WorldServer\Entities\CRFNewDatabase.cpp	125	const char *szServer,
WorldServer\Entities\CRFNewDatabase.cpp	126	const char *szDatabase,
WorldServer\Entities\CRFNewDatabase.cpp	258	void CRFNewDatabase::ErrFmtLog(const char *fmt, ...)
WorldServer\Entities\CRFNewDatabase.cpp	266	void CRFNewDatabase::ErrFmtLog(const wchar_t *lpcwFmt, ...)
WorldServer\Entities\CRFNewDatabase.cpp	274	void CRFNewDatabase::ErrLog(const char *szLog)
WorldServer\Entities\CRFNewDatabase.cpp	295	void CRFNewDatabase::ErrorMsgLog(__int16 sqlRet, const char *strQuery, const char *strKind, void *SQLStmt)
WorldServer\Entities\CRFNewDatabase.cpp	326	void CRFNewDatabase::ErrorMsgLog(__int16 sqlRet, const wchar_t *strQuery, const wchar_t *strKind, void *SQLStmt)
WorldServer\Entities\CRFNewDatabase.cpp	357	bool CRFNewDatabase::ExecUpdateBinaryQuery(const char *strQuery, char *buf, int size, bool bNoDataError)
WorldServer\Entities\CRFNewDatabase.cpp	426	bool CRFNewDatabase::ExecUpdateQuery(const char *strQuery, bool bNoDataError)
WorldServer\Entities\CRFNewDatabase.cpp	460	bool CRFNewDatabase::ExecUpdateQuery(const wchar_t *wstrQuery, bool bNoDataError)
WorldServer\Entities\CRFNewDatabase.cpp	494	void CRFNewDatabase::FmtLog(const char *fmt, ...)
WorldServer\Entities\CRFNewDatabase.cpp	502	void CRFNewDatabase::FmtLog(const wchar_t *lpcwFmt, ...)
WorldServer\Entities\CRFNewDatabase.cpp	558	void CRFNewDatabase::Log(const char *szLog)
WorldServer\Entities\CRFNewDatabase.cpp	666	void CRFNewDatabase::SelectCleanUp(const char *strQuery)
WorldServer\Entities\CRFNewDatabase.cpp	690	void CRFNewDatabase::SetLogFile(const char *szUpperLogPath, const char *szOdbcName)
WorldServer\Entities\CRFNewDatabase.cpp	739	unsigned __int8 CRFNewDatabase::SQLExecDirect_RetErrCode(const char *strQuery)
WorldServer\Entities\CRFNewDatabase.cpp	768	unsigned __int8 CRFNewDatabase::SQLFetch_RetErrCode(const char *strQuery)
WorldServer\Entities\CRFNewDatabase.cpp	797	const char *strQuery,
WorldServer\Entities\CRFNewDatabase.cpp	838	const char *strQuery,
WorldServer\Entities\CRFNewDatabase.cpp	875	bool CRFNewDatabase::StartDataBase(const char *odbcName, const char *accountName, const char *passWord)
WorldServer\Entities\CRFNewDatabase.cpp	994	bool CRFNewDatabase::TableExist(const char *szTableName)
WorldServer\Entities\CRFWorldDatabase_Missing.cpp	100	bool CRFWorldDatabase::CreateCharacterSelectLogTable(const char *szTableName)
WorldServer\Entities\CRFWorldDatabase_Missing.cpp	564	const char *pwszName)
WorldServer\Entities\CRFWorldDatabase_Missing2.cpp	2010	bool CRFWorldDatabase::Insert_GreetingRecord(int nUseType, const char *wszName, const char *wszMessage)
WorldServer\Entities\CRFWorldDatabase.cpp	42	const char *wszGuildName,
WorldServer\Entities\CRFWorldDatabase.cpp	169	const char *szSortQuery,
WorldServer\Entities\CRFWorldDatabase.cpp	4836	const _SYSTEMTIME *kCurTime)
WorldServer\Entities\CRFWorldDatabase.cpp	4857	const _unmannedtrader_registsingleitem *kInfo)
WorldServer\Entities\CRFWorldDatabase.cpp	4881	const _unmannedtrader_registsingleitem *kInfo,
WorldServer\Entities\CRFWorldDatabase.cpp	4882	const _SYSTEMTIME *kCurTime)
WorldServer\Entities\CRFWorldDatabase.cpp	4910	const _SYSTEMTIME *kCurTime)
WorldServer\Entities\CRFWorldDatabase.cpp	4933	const _unmannedtrader_registsingleitem *kInfo,
WorldServer\Entities\CRFWorldDatabase.cpp	5278	const _SYSTEMTIME *kCurTime)
WorldServer\Entities\CRFWorldDatabase.cpp	5375	const _SYSTEMTIME *pkCurTime)
WorldServer\Entities\CRtc.cpp	45	int CRtc::RTC_Fn(int errType, const wchar_t *file, int line, const wchar_t *module, const wchar_t *format, ...)
WorldServer\Entities\CSetItemType.cpp	80	unsigned __int8 si_interpret::GetEffectTypeCount() const
WorldServer\Entities\CSetItemType.cpp	85	unsigned __int8 si_interpret::GetCountOfItem(unsigned int idx) const
WorldServer\Entities\CSetItemType.cpp	94	unsigned __int8 si_interpret::GetCountOfEffect(unsigned int idx) const
WorldServer\Entities\CSetItemType.cpp	103	int si_interpret::GetEffectCode(unsigned int idx) const
WorldServer\Entities\CSetItemType.cpp	112	float si_interpret::GetEffectValue(unsigned int idx) const
WorldServer\Entities\CSetItemType.cpp	133	unsigned __int8 si_effect::GetCountOfItem() const
WorldServer\Entities\CSetItemType.cpp	138	unsigned __int8 si_effect::GetCountOfEffect() const
WorldServer\Entities\CSetItemType.cpp	219	int CSetItemType::GetEffectTypeCount() const
WorldServer\Entities\CTransportShip.cpp	49	bool CTransportShip::__mgr_member::is_fill() const
WorldServer\Entities\CUnmannedTraderClassInfo.cpp	16	const CUnmannedTraderClassInfo *CUnmannedTraderClassInfo::Copy(const CUnmannedTraderClassInfo *lhs)
WorldServer\Entities\CUnmannedTraderClassInfoFactory.cpp	22	CUnmannedTraderClassInfo *CUnmannedTraderClassInfoFactory::Create(const char *szType, unsigned int dwID)
WorldServer\Entities\CUnmannedTraderController.cpp	163	const CUnmannedTraderRegistItemInfo *CUnmannedTraderController::GetRegItemInfo(
WorldServer\Entities\CUnmannedTraderController.cpp	509	void CUnmannedTraderController::Log(const char *fmt, ...)
WorldServer\Entities\CUnmannedTraderGroupIDInfo.cpp	42	void CUnmannedTraderGroupIDInfo::Log(const char *fmt, ...)
WorldServer\Entities\CUnmannedTraderGroupIDInfo.cpp	196	bool CUnmannedTraderGroupIDInfo::LoadXML(const char *szFileName)
WorldServer\Entities\CUnmannedTraderGroupItemInfoTable.cpp	55	void CUnmannedTraderGroupItemInfoTable::Log(const char *fmt, ...)
WorldServer\Entities\CUnmannedTraderItemCodeInfo.cpp	8	const char *szCode,
WorldServer\Entities\CUnmannedTraderItemCodeInfo.cpp	21	CUnmannedTraderItemCodeInfo::CUnmannedTraderItemCodeInfo(const CUnmannedTraderItemCodeInfo &lhs)
WorldServer\Entities\CUnmannedTraderItemState.cpp	70	unsigned int CUnmannedTraderItemState::GetState() const
WorldServer\Entities\CUnmannedTraderLazyCleaner.cpp	65	const _SYSTEMTIME *pCurTime,
WorldServer\Entities\CUnmannedTraderRegistItemInfo.cpp	184	const char *wszBuyerName,
WorldServer\Entities\CUnmannedTraderRegistItemInfo.cpp	185	const char *szBuyerAccount)
WorldServer\Entities\CUnmannedTraderScheduler.cpp	236	void CUnmannedTraderScheduler::Log(const char *fmt, ...)
WorldServer\Entities\CUnmannedTraderSubClassFactory.cpp	31	CUnmannedTraderSubClassInfo *CUnmannedTraderSubClassFactory::Create(const char *szType, unsigned int dwID)
WorldServer\Entities\CUnmannedTraderSubClassInfo.cpp	11	CUnmannedTraderSubClassInfo::CUnmannedTraderSubClassInfo(const CUnmannedTraderSubClassInfo *lhs)
WorldServer\Entities\CUnmannedTraderSubClassInfo.cpp	22	const CUnmannedTraderSubClassInfo *CUnmannedTraderSubClassInfo::Copy(const CUnmannedTraderSubClassInfo *lhs)
WorldServer\Entities\CUnmannedTraderUserInfo.cpp	1055	const CUnmannedTraderRegistItemInfo *CUnmannedTraderUserInfo::GetRegItemInfo()
WorldServer\Entities\CUnmannedTraderUserInfo.cpp	2755	const char *wszSellerName,
WorldServer\Entities\CUnmannedTraderUserInfo.cpp	2756	const char *szSellerAccountName,
WorldServer\Entities\CUnmannedTraderUserInfoTable.cpp	87	const char * /*szCallFuncName*/)
WorldServer\Entities\CUnmannedTraderUserInfoTable.cpp	234	const CUnmannedTraderRegistItemInfo *CUnmannedTraderUserInfoTable::GetRegItemInfo(
WorldServer\Entities\CUnmannedTraderUserInfoTable.cpp	603	const char *szType,
WorldServer\Entities\CUnmannedTraderUserInfoTable.cpp	605	const char *szAccount,
WorldServer\Entities\CUnmannedTraderUserInfoTable.cpp	666	void CUnmannedTraderUserInfoTable::Log(const char *fmt, ...)
WorldServer\Entities\CUnmannedTraderUserInfoTable.cpp	679	void CUnmannedTraderUserInfoTable::ServiceLog(const char *fmt, ...)
WorldServer\Entities\CUnmannedTraderUserInfoTable.cpp	745	const _qry_case_unmandtrader_buy_update_wait::__list *pkQueryList,
WorldServer\Entities\CUserDB.cpp	293	void CUserDB::ForceCloseCommand(unsigned __int8 byKickType, unsigned int dwPushIP, bool bSlow, const char *pszCause)
WorldServer\Entities\CUserDB.cpp	513	const _STORAGE_LIST::_db_con *pItem,
WorldServer\Entities\CUserDB.cpp	1307	bool _INVEN_DB_BASE::_LIST::Set(const _STORAGE_LIST::_db_con *pItem)
WorldServer\Entities\CUserDB.cpp	1337	bool _EQUIP_DB_BASE::_EMBELLISH_LIST::Set(const _STORAGE_LIST::_db_con *pItem)
WorldServer\Entities\CUserDB.cpp	1366	bool _FORCE_DB_BASE::_LIST::Set(const _STORAGE_LIST::_db_con *pItem)
WorldServer\Entities\CUserDB.cpp	1397	bool _ANIMUS_DB_BASE::_LIST::Set(const _STORAGE_LIST::_db_con *pItem)
WorldServer\Entities\CUserDB.cpp	1426	bool _TRUNK_DB_BASE::_LIST::Set(const _STORAGE_LIST::_db_con *pItem, unsigned __int8 byRaceCode)
WorldServer\Entities\CUserDB.cpp	1457	bool _PERSONALAMINE_INVEN_DB_BASE::_LIST::Set(const _STORAGE_LIST::_db_con *pItem)
WorldServer\Entities\CUserDB.cpp	1480	bool _REGED::Set(unsigned __int8 bySlot, const _STORAGE_LIST::_db_con *pItem)
WorldServer\Entities\CUserDB.cpp	2715	bool _INVENKEY::IsOverlapItem() const
WorldServer\Entities\CUserRankingProcess.cpp	169	const _PVP_RANK_DATA *CPvpUserRankingInfo::GetCurrentPvpRankData(unsigned __int8 byRace, unsigned __int8 byNth)
WorldServer\Entities\CUserRankingProcess.cpp	689	const _PVP_RANK_DATA *CUserRankingProcess::GetCurrentPvpRankData(unsigned __int8 byRace, unsigned __int8 byNth)
WorldServer\Entities\darkhole_answer_reenter_result_zocl.h	12	inline unsigned __int16 _darkhole_answer_reenter_result_zocl::size() const
WorldServer\Entities\darkhole_ask_reenter_inform_zocl.h	13	inline unsigned __int16 _darkhole_ask_reenter_inform_zocl::size() const
WorldServer\Entities\darkhole_channel_close_inform_zocl.h	12	inline unsigned __int16 _darkhole_channel_close_inform_zocl::size() const
WorldServer\Entities\darkhole_clear_out_result_zocl.h	14	inline unsigned __int16 _darkhole_clear_out_result_zocl::size() const
WorldServer\Entities\darkhole_create_zocl.h	24	inline unsigned __int16 _darkhole_create_zocl::size() const
WorldServer\Entities\darkhole_destroy_zocl.h	13	inline unsigned __int16 _darkhole_destroy_zocl::size() const
WorldServer\Entities\darkhole_enter_result_zocl.h	15	inline unsigned __int16 _darkhole_enter_result_zocl::size() const
WorldServer\Entities\darkhole_fixpositon_zocl.h	24	inline unsigned __int16 _darkhole_fixpositon_zocl::size() const
WorldServer\Entities\darkhole_giveup_out_result_zocl.h	14	inline unsigned __int16 _darkhole_giveup_out_result_zocl::size() const
WorldServer\Entities\darkhole_job_count_inform_zocl.cpp	5	unsigned __int16 _darkhole_job_count_inform_zocl::size() const
WorldServer\Entities\darkhole_job_pass_inform_zocl.h	12	inline unsigned __int16 _darkhole_job_pass_inform_zocl::size() const
WorldServer\Entities\darkhole_leader_change_inform_zocl.cpp	5	unsigned __int16 _darkhole_leader_change_inform_zocl::size() const
WorldServer\Entities\darkhole_mission_pass_inform_zocl.h	12	inline unsigned __int16 _darkhole_mission_pass_inform_zocl::size() const
WorldServer\Entities\darkhole_mission_quest_inform_zocl.h	12	inline unsigned __int16 _darkhole_mission_quest_inform_zocl::size() const
WorldServer\Entities\darkhole_new_member_inform_zocl.h	14	inline unsigned __int16 _darkhole_new_member_inform_zocl::size() const
WorldServer\Entities\darkhole_open_all_portal_by_result_inform_zocl.h	19	inline unsigned __int16 _darkhole_open_all_portal_by_result_inform_zocl::size() const
WorldServer\Entities\darkhole_open_portal_by_react_inform_zocl.h	12	inline unsigned __int16 _darkhole_open_portal_by_react_inform_zocl::size() const
WorldServer\Entities\darkhole_open_result_zocl.h	14	inline unsigned __int16 _darkhole_open_result_zocl::size() const
WorldServer\Entities\darkhole_outof_member_inform_zocl.cpp	5	unsigned __int16 _darkhole_outof_member_inform_zocl::size() const
WorldServer\Entities\darkhole_quest_info_inform_zocl.h	17	inline unsigned __int16 _darkhole_quest_info_inform_zocl::size() const
WorldServer\Entities\darkhole_real_add_time_inform_zocl.cpp	5	unsigned __int16 _darkhole_real_add_time_inform_zocl::size() const
WorldServer\Entities\darkhole_real_msg_inform_zocl.cpp	5	unsigned __int16 _darkhole_real_msg_inform_zocl::size() const
WorldServer\Entities\darkhole_state_change_zocl.h	20	inline unsigned __int16 _darkhole_state_change_zocl::size() const
WorldServer\Entities\darkhole_timeout_inform_zocl.h	12	inline unsigned __int16 _darkhole_timeout_inform_zocl::size() const
WorldServer\Entities\del_char_result_zone.h	13	inline __int64 _del_char_result_zone::size() const
WorldServer\Entities\DqsDbStructs.h	507	inline unsigned __int16 _qry_case_sendwebracebosssms::size() const
WorldServer\Entities\DqsDbStructs.h	530	inline __int64 _qry_case_gm_greetingmsg::size() const
WorldServer\Entities\DqsDbStructs.h	535	inline __int64 _qry_case_race_greetingmsg::size() const
WorldServer\Entities\DqsDbStructs.h	553	inline __int64 _qry_case_update_honor_guild::size() const
WorldServer\Entities\DqsDbStructs.h	630	inline __int64 _qry_case_forceleave::size() const
WorldServer\Entities\DqsDbStructs.h	635	inline __int64 _qry_case_outputgmoney::size() const
WorldServer\Entities\DqsDbStructs.h	640	inline __int64 _qry_case_buyemblem::size() const
WorldServer\Entities\DqsDbStructs.h	645	inline __int64 _qry_case_update_guildmaster::size() const
WorldServer\Entities\DqsDbStructs.h	738	inline __int64 _qry_case_select_charserial::size() const
WorldServer\Entities\DqsDbStructs.h	743	inline __int64 _qry_case_raceboss_accumulation_winrate::size() const
WorldServer\Entities\DqsDbStructs.h	748	inline __int64 _qry_case_update_vote_available::size() const
WorldServer\Entities\DqsDbStructs.h	753	inline __int64 _qry_case_update_user_guild_data::size() const
WorldServer\Entities\DqsDbStructs.h	809	inline __int64 _qry_case_cheat_player_vote_info::size() const
WorldServer\Entities\DqsDbStructs.h	814	inline __int64 _qry_case_update_player_vote_info::size() const
WorldServer\Entities\DqsDbStructs.h	841	inline __int64 _qry_case_insert_timelimit_info::size() const
WorldServer\Entities\ElectPacketTypes.h	86	inline __int64 _pt_trans_votepaper_zocl::size() const
WorldServer\Entities\ElectPacketTypes.h	96	inline __int64 _pt_notify_vote_score_zocl::size() const
WorldServer\Entities\ElectPacketTypes.h	101	inline __int64 _pt_notify_final_decision::size() const
WorldServer\Entities\enter_lobby_report_wrac.h	13	inline unsigned __int16 _enter_lobby_report_wrac::size() const
WorldServer\Entities\enter_world_request_wrac.h	17	inline __int64 _enter_world_request_wrac::size() const
WorldServer\Entities\enter_world_result_zone.h	16	inline __int64 _enter_world_result_zone::size() const
WorldServer\Entities\exchange_lend_item_result_zocl.cpp	5	__int64 _exchange_lend_item_result_zocl::size() const
WorldServer\Entities\FireGuard.cpp	82	__int64 __fastcall AddEnvVariable(const char *lpName, char *lpValue, int nValueLen)
WorldServer\Entities\guild_battle_suggest_request_result_zocl.h	13	inline unsigned __int16 _guild_battle_suggest_request_result_zocl::size() const
WorldServer\Entities\ICsSendInterface.cpp	75	void ICsSendInterface::SendMsg_GoodsList(unsigned __int16 wSock, const _param_cash_select *psheet)
WorldServer\Entities\ICsSendInterface.cpp	213	const char *pEMsg)
WorldServer\Entities\ICsSendInterface.cpp	253	const _param_cash_update *psheet,
WorldServer\Entities\ICsSendInterface.cpp	254	const _param_cash_update *sheetplus)
WorldServer\Entities\insert_trc_info.h	21	inline __int64 _insert_trc_info::size() const
WorldServer\Entities\itembox_take_add_result_zocl.cpp	5	__int64 _itembox_take_add_result_zocl::size() const
WorldServer\Entities\itembox_take_new_result_zocl.cpp	5	__int64 _itembox_take_new_result_zocl::size() const
WorldServer\Entities\LendItemSheet.cpp	26	bool LendItemSheet::Cell::operator>(const Cell *rhs) const
WorldServer\Entities\LuaTinker.cpp	159	void lua_tinker::dofile(lua_State *L, const char *filename)
WorldServer\Entities\LuaTinker.cpp	178	void lua_tinker::dostring(lua_State *L, const char* buff)
WorldServer\Entities\LuaTinker.cpp	184	void lua_tinker::dobuffer(lua_State *L, const char* buff, size_t len)
WorldServer\Entities\LuaTinker.cpp	243	void lua_tinker::print_error(lua_State *L, const char* fmt, ...)
WorldServer\Entities\LuaTinker.cpp	316	const char* lua_tinker::read(lua_State *L, int index)
WorldServer\Entities\LuaTinker.cpp	489	void lua_tinker::push(lua_State *L, const char* ret)
WorldServer\Entities\LuaTinker.cpp	618	void lua_tinker::meta_push(lua_State *L, const char* name)
WorldServer\Entities\LuaTinker.cpp	705	lua_tinker::table::table(lua_State* L, const char* name)
WorldServer\Entities\LuaTinker.cpp	735	lua_tinker::table::table(const table& input)
WorldServer\Entities\MathUtil.cpp	11	float DotProduct(const float *a1, const float *a2)
WorldServer\Entities\MathUtil.cpp	23	float GetDist(float *const a1, float *const a2)
WorldServer\Entities\MathUtil.cpp	68	void GetNormal(float *const a1, const float *const a2, const float *const a3, const float *const a4)
WorldServer\Entities\MathUtil.cpp	98	int GetPlaneCrossPoint(const float *const a1, const float *const a2, float *const a3, const float *const a4, float a5)
WorldServer\Entities\MathUtil.cpp	114	void CrossProduct(const float *a1, const float *a2, float *a3)
WorldServer\Entities\MathUtil.cpp	128	bool CheckEdgeEpsilon(const float *const a1, const float *const a2, const float *const a3, const float *const a4)
WorldServer\Entities\MathUtil.cpp	145	bool IsCollisionBBoxPoint(float *const a1, float *const a2, float *const a3)
WorldServer\Entities\MathUtil.cpp	162	bool IsCollisionBBoxPoint(short *const a1, short *const a2, float *const a3)
WorldServer\Entities\MathUtil.cpp	210	void GetVertexFromBVertex(float *const a1, char *a2, _BSP_READ_M_GROUP *a3)
WorldServer\Entities\MathUtil.cpp	217	void GetVertexFromWVertex(float *const a1, short *a2, _BSP_READ_M_GROUP *a3)
WorldServer\Entities\MathUtil.cpp	224	void GetVertexFromFVertex(float *const a1, float *a2, _BSP_READ_M_GROUP *a3)
WorldServer\Entities\MonsterSetInfoData.cpp	36	bool MonsterSetInfoData::Load(const char *fileName)
WorldServer\Entities\move_to_own_stonemap_inform_zocl.h	12	inline unsigned __int16 _move_to_own_stonemap_inform_zocl::size() const
WorldServer\Entities\move_to_own_stonemap_result_zocl.h	14	inline unsigned __int16 _move_to_own_stonemap_result_zocl::size() const
WorldServer\Entities\moveout_user_result_zone.h	15	inline unsigned __int16 _moveout_user_result_zone::size() const
WorldServer\Entities\MyTimer.cpp	17	const MyTimer::TIME *MyTimer::GetTime()
WorldServer\Entities\NetCheckPackets.cpp	11	unsigned __int64 _check_query::size() const
WorldServer\Entities\NetCheckPackets.cpp	16	unsigned __int64 _check_speed_hack_ans::size() const
WorldServer\Entities\notify_local_time_result_zocl.h	23	inline __int64 _notify_local_time_result_zocl::size() const
WorldServer\Entities\npclink_check_item_result_zocl.cpp	5	__int64 _npclink_check_item_result_zocl::size() const
WorldServer\Entities\personal_amine_errmsg_zocl.h	18	inline __int64 _personal_amine_errmsg_zocl::size() const
WorldServer\Entities\personal_amine_fixpos_zocl.h	24	inline unsigned __int16 _personal_amine_fixpos_zocl::size() const
WorldServer\Entities\personal_amine_infoui_open_zocl.h	19	inline __int64 _personal_amine_infoui_open_zocl::size() const
WorldServer\Entities\personal_amine_make_storage_zocl.h	19	inline __int64 _personal_amine_make_storage_zocl::size() const
WorldServer\Entities\personal_automine_alter_dur_zocl.h	19	inline unsigned __int16 _personal_automine_alter_dur_zocl::size() const
WorldServer\Entities\personal_automine_attacked_zocl.h	18	inline unsigned __int16 _personal_automine_attacked_zocl::size() const
WorldServer\Entities\personal_automine_battery_extract_zocl.h	21	inline __int64 _personal_automine_battery_extract_zocl::size() const
WorldServer\Entities\personal_automine_battery_insert_zocl.h	20	inline __int64 _personal_automine_battery_insert_zocl::size() const
WorldServer\Entities\personal_automine_delbattery_zocl.h	19	inline unsigned __int16 _personal_automine_delbattery_zocl::size() const
WorldServer\Entities\personal_automine_popore_zocl.h	19	inline __int64 _personal_automine_popore_zocl::size() const
WorldServer\Entities\personal_automine_selore_zocl.h	19	inline __int64 _personal_automine_selore_zocl::size() const
WorldServer\Entities\personal_automine_stop_zocl.h	21	inline __int64 _personal_automine_stop_zocl::size() const
WorldServer\Entities\post_content_result_zocl.h	30	inline unsigned __int16 _post_content_result_zocl::size() const
WorldServer\Entities\post_recv_delivery_zocl.h	18	inline unsigned __int16 _post_recv_delivery_zocl::size() const
WorldServer\Entities\post_result_zocl.h	20	inline __int64 _post_result_zocl::size() const
WorldServer\Entities\post_return_zocl.h	26	inline unsigned __int16 _post_return_zocl::size() const
WorldServer\Entities\pt_automine_getoutore_zocl.h	19	inline __int64 _pt_automine_getoutore_zocl::size() const
WorldServer\Entities\pt_automine_result_zocl.h	13	inline __int64 _pt_automine_result_zocl::size() const
WorldServer\Entities\pt_automine_state_zocl.h	22	inline __int64 _pt_automine_state_zocl::size() const
WorldServer\Entities\pt_inform_appoint_zocl.h	21	inline __int64 _pt_inform_appoint_zocl::size() const
WorldServer\Entities\pt_inform_commission_income_zocl.h	15	inline unsigned __int16 _pt_inform_commission_income_zocl::size() const
WorldServer\Entities\pt_inform_tax_rate_zocl.h	19	inline __int64 _pt_inform_tax_rate_zocl::size() const
WorldServer\Entities\pt_result_appoint_zocl.h	23	inline __int64 _pt_result_appoint_zocl::size() const
WorldServer\Entities\pt_result_change_tax_rate_zocl.h	19	inline __int64 _pt_result_change_tax_rate_zocl::size() const
WorldServer\Entities\qry_case_alive_char.h	24	inline __int64 _qry_case_alive_char::size() const
WorldServer\Entities\qry_case_amine_battery_discharge.h	22	inline __int64 _qry_case_amine_battery_discharge::size() const
WorldServer\Entities\qry_case_amine_batterycharge.h	48	inline __int64 _qry_case_amine_batterycharge::size() const
WorldServer\Entities\qry_case_amine_mineore.h	25	inline __int64 _qry_case_amine_mineore::size() const
WorldServer\Entities\qry_case_amine_moveore.h	27	inline __int64 _qry_case_amine_moveore::size() const
WorldServer\Entities\qry_case_amine_newowner.h	21	inline __int64 _qry_case_amine_newowner::size() const
WorldServer\Entities\qry_case_amine_selore.h	22	inline __int64 _qry_case_amine_selore::size() const
WorldServer\Entities\qry_case_amine_workstate.h	22	inline __int64 _qry_case_amine_workstate::size() const
WorldServer\Entities\qry_case_in_atrade_tax.h	28	inline __int64 _qry_case_in_atrade_tax::size() const
WorldServer\Entities\qry_case_insertitem.h	18	inline __int64 _qry_case_insertitem::size() const
WorldServer\Entities\qry_case_make_storage.h	20	inline __int64 _qry_case_make_storage::size() const
WorldServer\Entities\qry_case_post_send.h	56	inline __int64 _qry_case_post_send::size() const
WorldServer\Entities\qry_case_request_refund.h	38	inline __int64 _qry_case_request_refund::size() const
WorldServer\Entities\qry_case_select_timelimit_info.h	14	inline __int64 _qry_case_select_timelimit_info::size() const
WorldServer\Entities\qry_case_unmandtrader_updateitemstate.h	18	inline __int64 _qry_case_unmandtrader_updateitemstate::size() const
WorldServer\Entities\qry_case_updateclearguildbattleDayInfo.h	15	inline __int64 _qry_case_updateclearguildbattleDayInfo::size() const
WorldServer\Entities\qry_case_updatereservedschedule.h	14	inline __int64 _qry_case_updatereservedschedule::size() const
WorldServer\Entities\qry_sheet_delete.h	16	inline __int64 _qry_sheet_delete::size() const
WorldServer\Entities\qry_sheet_insert.h	22	inline __int64 _qry_sheet_insert::size() const
WorldServer\Entities\qry_sheet_load.h	42	inline __int64 _qry_sheet_load::size() const
WorldServer\Entities\qry_sheet_lobby.h	25	inline __int64 _qry_sheet_lobby::size() const
WorldServer\Entities\qry_sheet_reged.h	24	inline __int64 _qry_sheet_reged::size() const
WorldServer\Entities\raceboss_msg_confirm_zowb.h	16	inline unsigned __int16 _raceboss_msg_confirm_zowb::size() const
WorldServer\Entities\racebosssms_fromweb_send_error_result_zowb.h	13	inline unsigned __int16 _racebosssms_fromweb_send_error_result_zowb::size() const
WorldServer\Entities\RFEvent_ClassRefine.cpp	172	char RFEvent_ClassRefine::SetEvent(const char *p, int size, bool bInit)
WorldServer\Entities\RFEvent_ClassRefine.cpp	211	bool RFEvent_ClassRefine::SetPlayerState(void *const p, int size)
WorldServer\Entities\RFEventBase.cpp	28	bool RFEventBase::SetPlayerState(void *const /*p*/, int /*size*/)
WorldServer\Entities\sel_char_result_zone.h	16	inline __int64 _sel_char_result_zone::size() const
WorldServer\Entities\select_avator_report_wrac.h	17	inline __int64 _select_avator_report_wrac::size() const
WorldServer\Entities\server_notify_inform_zone.cpp	5	unsigned __int16 _server_notify_inform_zone::size() const
WorldServer\Entities\start_world_request_wrac.h	13	inline unsigned __int16 _start_world_request_wrac::size() const
WorldServer\Entities\StorageList.cpp	41	unsigned int _STORAGE_LIST::_db_con::GetSerialNumber() const
WorldServer\Entities\StorageList.cpp	143	int _STORAGE_LIST::GetNumUseCon() const
WorldServer\Entities\strFILE.cpp	22	bool strFILE::load(const char *pszFileName)
WorldServer\Entities\Task.cpp	29	void Task::SetTask(int nTaskCode, const unsigned __int8 *p, unsigned __int64 size)
WorldServer\Entities\TimeItem.cpp	20	const _TimeItem_fld *TimeItem::FindTimeRec(unsigned int nTbl, int nIdx)
WorldServer\Entities\TimeLimitJade.cpp	34	bool TimeLimitJade::WaitCell::operator>(const WaitCell *rhs) const
WorldServer\Entities\TimeLimitJade.cpp	61	bool TimeLimitJade::UseCell::operator>(const UseCell *rhs) const
WorldServer\Entities\trans_account_report_wrac.h	14	inline unsigned __int16 _trans_account_report_wrac::size() const
WorldServer\Entities\unmannedtrader_buy_item_result_zocl.h	34	inline __int64 _unmannedtrader_buy_item_result_zocl::size() const
WorldServer\Entities\unmannedtrader_close_item_inform_zocl.h	15	inline __int64 _unmannedtrader_close_item_inform_zocl::size() const
WorldServer\Entities\unmannedtrader_continue_item_inform_zocl.h	21	inline __int64 _unmannedtrader_continue_item_inform_zocl::size() const
WorldServer\Entities\unmannedtrader_regist_item_success_result_zocl.h	19	inline __int64 _unmannedtrader_regist_item_success_result_zocl::size() const
WorldServer\Entities\UsHFSM.cpp	81	UsPoint<UsStateTBL>::UsPoint(const UsPoint<UsStateTBL> &other)
WorldServer\Entities\WheatyExceptionReport.cpp	10	void WheatyExceptionReport::SetLogName(const char *logName)
WorldServer\Entities\WheatyExceptionReport.cpp	15	void WheatyExceptionReport::SetDescription(const char *description)
WorldServer\Entities\Worker.cpp	11	Worker::Worker(const char *pWorkerName, int nMaxTskNum, int nMaxTskBufSize)
WorldServer\Entities\WorldServerUtil.cpp	845	void MakeBinaryStr(const unsigned __int8 *pBuff, unsigned __int64 tBufSize, char *pOut, rsize_t tOutSize)
WorldServer\Entities\WorldServerUtil.cpp	858	unsigned __int64 SplitString(char *strSrc, const char *_Delim, std::vector<std::string> *stringlist)
WorldServer\Entities\WorldServerUtil.cpp	881	void NetTrace(const char *fmt, ...)
WorldServer\Entities\WorldServerUtil.cpp	892	void __trace(const char *fmt, ...)
WorldServer\Entities\WorldServerUtil.cpp	905	void OutputDebugLog(const char *szFormat, ...)
WorldServer\Entities\WorldServerUtil.cpp	1221	tm *localtime_5(const __int64 *_Time)
WorldServer\Entities\WorldServerUtil.cpp	1226	tm *localtime_2(const __int64 *_Time)
WorldServer\Entities\WorldServerUtil.cpp	1231	tm *localtime_3(const __int64 *_Time)
WorldServer\Entities\WorldServerUtil.cpp	1311	bool GetLastWriteFileTime(const char *szFileName, _FILETIME *ftWrite)
WorldServer\Entities\WorldServerUtil.cpp	1347	int GetItemTableCode(const char *psItemCode)
WorldServer\Entities\WorldServerUtil.cpp	3727	bool IsSQLValidString(const char *wszStr)
WorldServer\Entities\WorldServerUtil.cpp	3757	void WriteServerStartHistory(const char *format, ...)
WorldServer\Entities\WorldServerUtil.cpp	3783	void clear_file(const char *directory, int keepCount)
WorldServer\Entities\WorldServerUtil.cpp	3826	int MyMessageBox(const char *title, const char *format, ...)
WorldServer\Entities\WorldServerUtil.cpp	3848	void ServerProgramExit(const char *source, int reason)
WorldServer\Entities\WorldServerUtil.cpp	5235	unsigned int GetLightMapColor(float *const uv, int id)
WorldServer\Entities\WorldServerUtil.cpp	5454	FILE *fopenMFM(char *a1, const char *Mode)
WorldServer\Entities\WorldServerUtil.cpp	5592	static HRESULT __fastcall Texture_QueryInterface(IDA_IUnknown *self, const IDA_GUID *, void **outObject)
WorldServer\Entities\WorldServerUtil.cpp	5616	static __int64 D3DXCreateTextureFromFileInMemory_0(IDirect3DDevice8 *device, const void *data, unsigned int size, void *outTex)
WorldServer\Entities\WorldServerUtil.cpp	5716	static int sub_140501380(char *a1, const char *a2, const char *a3)
WorldServer\Entities\WorldServerUtil.cpp	6742	void IOFileWrite_3(const char *pszFileName, unsigned int nLen, const char *pszData)
WorldServer\Entities\wrac_packets.cpp	5	unsigned __int16 _open_world_request_wrac::size() const
WorldServer\Entities\wrac_packets.cpp	10	unsigned __int16 _cashdb_setting_request_wrac::size() const
WorldServer\Entities\wrac_packets.cpp	15	unsigned __int16 _uilock_user_refresh_info_request_wrac::size() const
WorldServer\Entities\wrac_packets.cpp	20	unsigned __int16 _logout_account_request_wrac::size() const
WorldServer\Net\InternalPacketProcessor.cpp	4	bool InternalPacketProcessor::Handle(uint8_t opcode, uint8_t subcode, const std::vector<uint8_t>& payload)
WorldServer\Net\IocpListener.cpp	14	bool IocpListener::Start(const std::wstring& host, unsigned short port)
WorldServer\Net\PacketFramer.cpp	9	void PacketFramer::Append(const void* data, size_t size)
