packages\Microsoft.Windows.ImplementationLibrary.1.0.250325.1\include\wil\com_apartment_variable.h	52	static unsigned long long GetApartmentId()
packages\Microsoft.Windows.ImplementationLibrary.1.0.250325.1\include\wil\com_apartment_variable.h	59	static auto RegisterForApartmentShutdown(IApartmentShutdown* observer)
packages\Microsoft.Windows.ImplementationLibrary.1.0.250325.1\include\wil\com_apartment_variable.h	67	static void UnRegisterForApartmentShutdown(APARTMENT_SHUTDOWN_REGISTRATION_COOKIE cookie)
packages\Microsoft.Windows.ImplementationLibrary.1.0.250325.1\include\wil\com_apartment_variable.h	229	static apartment_variable_storage* get_current_apartment_variable_storage()
packages\Microsoft.Windows.ImplementationLibrary.1.0.250325.1\include\wil\com_apartment_variable.h	403	static const auto& storage()
packages\Microsoft.Windows.ImplementationLibrary.1.0.250325.1\include\wil\com_apartment_variable.h	408	static size_t current_apartment_variable_count()
packages\Microsoft.Windows.ImplementationLibrary.1.0.250325.1\include\wil\com.h	136	static HRESULT query_dispatch(_In_ IWeakReference* ptr, wistd::true_type, _COM_Outptr_ TResult** result)
packages\Microsoft.Windows.ImplementationLibrary.1.0.250325.1\include\wil\com.h	148	static HRESULT query_dispatch(_In_ IWeakReference* ptr, wistd::false_type, _COM_Outptr_ TResult** result)
packages\Microsoft.Windows.ImplementationLibrary.1.0.250325.1\include\wil\com.h	173	static HRESULT query(_In_ IAgileReference* ptr, _COM_Outptr_ TResult** result)
packages\Microsoft.Windows.ImplementationLibrary.1.0.250325.1\include\wil\com.h	3168	static auto test(...) -> wistd::false_type;
packages\Microsoft.Windows.ImplementationLibrary.1.0.250325.1\include\wil\com.h	3417	static void __stdcall timer_callback(PTP_CALLBACK_INSTANCE /*instance*/, PVOID context, PTP_TIMER /*timer*/)
packages\Microsoft.Windows.ImplementationLibrary.1.0.250325.1\include\wil\coroutine.h	375	static void* running_ptr()
packages\Microsoft.Windows.ImplementationLibrary.1.0.250325.1\include\wil\coroutine.h	379	static void* completed_ptr()
packages\Microsoft.Windows.ImplementationLibrary.1.0.250325.1\include\wil\coroutine.h	383	static void* abandoned_ptr()
packages\Microsoft.Windows.ImplementationLibrary.1.0.250325.1\include\wil\coroutine.h	785	static auto as_self(void* p)
packages\Microsoft.Windows.ImplementationLibrary.1.0.250325.1\include\wil\coroutine.h	790	static bool is_sta()
packages\Microsoft.Windows.ImplementationLibrary.1.0.250325.1\include\wil\coroutine.h	806	static wil::com_ptr<IContextCallback> current_context()
packages\Microsoft.Windows.ImplementationLibrary.1.0.250325.1\include\wil\coroutine.h	831	static void __stdcall resume_in_context(void* parameter)
packages\Microsoft.Windows.ImplementationLibrary.1.0.250325.1\include\wil\coroutine.h	849	static void submit_threadpool_callback(PTP_SIMPLE_CALLBACK callback, void* context)
packages\Microsoft.Windows.ImplementationLibrary.1.0.250325.1\include\wil\coroutine.h	854	static void CALLBACK resume_context(PTP_CALLBACK_INSTANCE /*instance*/, void* parameter)
packages\Microsoft.Windows.ImplementationLibrary.1.0.250325.1\include\wil\coroutine.h	878	static HRESULT CALLBACK resume_apartment_callback(ComCallData* data) noexcept
packages\Microsoft.Windows.ImplementationLibrary.1.0.250325.1\include\wil\cppwinrt_helpers.h	23	static void Schedule(Dispatcher const& dispatcher, Args&&... args)
packages\Microsoft.Windows.ImplementationLibrary.1.0.250325.1\include\wil\cppwinrt_helpers.h	32	static void Schedule(Dispatcher const& dispatcher, Args&&... args)
packages\Microsoft.Windows.ImplementationLibrary.1.0.250325.1\include\wil\cppwinrt_helpers.h	246	static constexpr bool get_value(int)
packages\Microsoft.Windows.ImplementationLibrary.1.0.250325.1\include\wil\cppwinrt_helpers.h	251	static constexpr bool get_value(...)
packages\Microsoft.Windows.ImplementationLibrary.1.0.250325.1\include\wil\cppwinrt_helpers.h	265	static constexpr bool get_value(int)
packages\Microsoft.Windows.ImplementationLibrary.1.0.250325.1\include\wil\cppwinrt_helpers.h	270	static constexpr bool get_value(...)
packages\Microsoft.Windows.ImplementationLibrary.1.0.250325.1\include\wil\cppwinrt_notifiable_module_lock.h	92	static notifiable_module_lock& instance() noexcept
packages\Microsoft.Windows.ImplementationLibrary.1.0.250325.1\include\wil\cppwinrt.h	471	static bool is_enabled(winrt::guid const& iid)
packages\Microsoft.Windows.ImplementationLibrary.1.0.250325.1\include\wil\cppwinrt.h	486	static constexpr void check_no_duplicates()
packages\Microsoft.Windows.ImplementationLibrary.1.0.250325.1\include\wil\filesystem.h	557	static void __stdcall callback(PTP_CALLBACK_INSTANCE /*Instance*/, void* context, TP_WAIT* pThreadPoolWait, TP_WAIT_RESULT /*result*/)
packages\Microsoft.Windows.ImplementationLibrary.1.0.250325.1\include\wil\filesystem.h	761	static void __stdcall callback(
packages\Microsoft.Windows.ImplementationLibrary.1.0.250325.1\include\wil\registry.h	3206	static void __stdcall callback(PTP_CALLBACK_INSTANCE, void* context, TP_WAIT*, TP_WAIT_RESULT)
packages\Microsoft.Windows.ImplementationLibrary.1.0.250325.1\include\wil\resource.h	291	static auto invoke(float) -> wistd::false_type;
packages\Microsoft.Windows.ImplementationLibrary.1.0.250325.1\include\wil\resource.h	2545	static void Destroy(_In_ PTP_WAIT threadPoolWait) WI_NOEXCEPT
packages\Microsoft.Windows.ImplementationLibrary.1.0.250325.1\include\wil\resource.h	2556	static void Destroy(_In_ PTP_WAIT threadPoolWait) WI_NOEXCEPT
packages\Microsoft.Windows.ImplementationLibrary.1.0.250325.1\include\wil\resource.h	2565	static void Destroy(_In_ PTP_WORK threadpoolWork) WI_NOEXCEPT
packages\Microsoft.Windows.ImplementationLibrary.1.0.250325.1\include\wil\resource.h	2575	static void Destroy(_In_ PTP_WORK threadpoolWork) WI_NOEXCEPT
packages\Microsoft.Windows.ImplementationLibrary.1.0.250325.1\include\wil\resource.h	2584	static void WINAPI SetThreadpoolTimer(_Inout_ PTP_TIMER Timer, _In_opt_ PFILETIME DueTime, _In_ DWORD Period, _In_ DWORD WindowLength) WI_NOEXCEPT
packages\Microsoft.Windows.ImplementationLibrary.1.0.250325.1\include\wil\resource.h	2588	static void WaitForThreadpoolTimerCallbacks(_Inout_ PTP_TIMER Timer, _In_ BOOL CancelPendingCallbacks) WI_NOEXCEPT
packages\Microsoft.Windows.ImplementationLibrary.1.0.250325.1\include\wil\resource.h	2592	static void CloseThreadpoolTimer(_Inout_ PTP_TIMER Timer) WI_NOEXCEPT
packages\Microsoft.Windows.ImplementationLibrary.1.0.250325.1\include\wil\resource.h	2603	static void Destroy(_In_ PTP_TIMER threadpoolTimer) WI_NOEXCEPT
packages\Microsoft.Windows.ImplementationLibrary.1.0.250325.1\include\wil\resource.h	2621	static void Destroy(_In_ PTP_TIMER threadpoolTimer) WI_NOEXCEPT
packages\Microsoft.Windows.ImplementationLibrary.1.0.250325.1\include\wil\resource.h	2630	static void Destroy(_In_ PTP_IO threadpoolIo) WI_NOEXCEPT
packages\Microsoft.Windows.ImplementationLibrary.1.0.250325.1\include\wil\resource.h	2640	static void Destroy(_In_ PTP_IO threadpoolIo) WI_NOEXCEPT
packages\Microsoft.Windows.ImplementationLibrary.1.0.250325.1\include\wil\resource.h	3464	static void* allocate(size_t /*size*/) WI_NOEXCEPT
packages\Microsoft.Windows.ImplementationLibrary.1.0.250325.1\include\wil\resource.h	3676	static PCWSTR get(const string_type& value)
packages\Microsoft.Windows.ImplementationLibrary.1.0.250325.1\include\wil\resource.h	3698	static void Close(SecureZeroData data) WI_NOEXCEPT
packages\Microsoft.Windows.ImplementationLibrary.1.0.250325.1\include\wil\resource.h	3728	static _Ret_opt_bytecap_(size) void* allocate(size_t size) WI_NOEXCEPT
packages\Microsoft.Windows.ImplementationLibrary.1.0.250325.1\include\wil\resource.h	3920	static void CALLBACK wait_callback(PTP_CALLBACK_INSTANCE, void* context, TP_WAIT* pThreadPoolWait, TP_WAIT_RESULT)
packages\Microsoft.Windows.ImplementationLibrary.1.0.250325.1\include\wil\resource.h	4323	static _Ret_opt_bytecap_(size) void* allocate(size_t size) WI_NOEXCEPT
packages\Microsoft.Windows.ImplementationLibrary.1.0.250325.1\include\wil\resource.h	4584	static _Ret_opt_bytecap_(size) void* allocate(size_t size) WI_NOEXCEPT
packages\Microsoft.Windows.ImplementationLibrary.1.0.250325.1\include\wil\resource.h	4922	static PCWSTR get(const wil::unique_hstring& value)
packages\Microsoft.Windows.ImplementationLibrary.1.0.250325.1\include\wil\resource.h	5107	static void close(window_dc wdc) WI_NOEXCEPT
packages\Microsoft.Windows.ImplementationLibrary.1.0.250325.1\include\wil\resource.h	5127	static void close(paint_dc pdc) WI_NOEXCEPT
packages\Microsoft.Windows.ImplementationLibrary.1.0.250325.1\include\wil\resource.h	5147	static void close(select_result sr) WI_NOEXCEPT
packages\Microsoft.Windows.ImplementationLibrary.1.0.250325.1\include\wil\resource.h	5423	static _Ret_opt_bytecap_(size) void* allocate(size_t size) WI_NOEXCEPT
packages\Microsoft.Windows.ImplementationLibrary.1.0.250325.1\include\wil\resource.h	5604	static _Ret_opt_bytecap_(size) void* allocate(size_t size) WI_NOEXCEPT
packages\Microsoft.Windows.ImplementationLibrary.1.0.250325.1\include\wil\resource.h	6848	static void Release(_In_ _IRQL_restores_ const kspin_lock_saved_irql& spinLockSavedIrql)
packages\Microsoft.Windows.ImplementationLibrary.1.0.250325.1\include\wil\resource.h	7235	static inline _IRQL_requires_max_(DISPATCH_LEVEL)
packages\Microsoft.Windows.ImplementationLibrary.1.0.250325.1\include\wil\result_macros.h	1936	static ResultStatus FromResult(const HRESULT _hr)
packages\Microsoft.Windows.ImplementationLibrary.1.0.250325.1\include\wil\result_macros.h	1940	static ResultStatus FromStatus(const NTSTATUS _status)
packages\Microsoft.Windows.ImplementationLibrary.1.0.250325.1\include\wil\result_macros.h	1944	static ResultStatus FromFailureInfo(const FailureInfo& _failure)
packages\Microsoft.Windows.ImplementationLibrary.1.0.250325.1\include\wil\result_macros.h	3505	static FailureInfo CustomExceptionFailureInfo(HRESULT hr) WI_NOEXCEPT
packages\Microsoft.Windows.ImplementationLibrary.1.0.250325.1\include\wil\result.h	105	static HRESULT TryGetPointer(PCWSTR name, _Outptr_result_maybenull_ void** pointer)
packages\Microsoft.Windows.ImplementationLibrary.1.0.250325.1\include\wil\result.h	147	static HRESULT GetValueFromSemaphore(HANDLE semaphore, _Out_ LONG* count)
packages\Microsoft.Windows.ImplementationLibrary.1.0.250325.1\include\wil\result.h	192	static HRESULT TryGetValueInternal(PCWSTR name, bool is64Bit, _Out_ unsigned __int64* value, _Out_opt_ bool* retrieved)
packages\Microsoft.Windows.ImplementationLibrary.1.0.250325.1\include\wil\result.h	279	static HRESULT Acquire(PCSTR staticNameWithVersion, _Outptr_result_nullonfailure_ ProcessLocalStorageData<T>** data)
packages\Microsoft.Windows.ImplementationLibrary.1.0.250325.1\include\wil\result.h	320	static HRESULT MakeAndInitialize(
packages\Microsoft.Windows.ImplementationLibrary.1.0.250325.1\include\wil\result.h	992	static bool GetThreadContext(
packages\Microsoft.Windows.ImplementationLibrary.1.0.250325.1\include\wil\result.h	1040	static void GetContextAndNotifyFailure(
packages\Microsoft.Windows.ImplementationLibrary.1.0.250325.1\include\wil\rpc_helpers.h	34	static HRESULT call(TArgs&&... args)
packages\Microsoft.Windows.ImplementationLibrary.1.0.250325.1\include\wil\rpc_helpers.h	44	static HRESULT call(TArgs&&... args)
packages\Microsoft.Windows.ImplementationLibrary.1.0.250325.1\include\wil\rpc_helpers.h	150	static void Close(TStorage arg) WI_NOEXCEPT
packages\Microsoft.Windows.ImplementationLibrary.1.0.250325.1\include\wil\stl.h	117	static PCWSTR get(const std::wstring& value)
packages\Microsoft.Windows.ImplementationLibrary.1.0.250325.1\include\wil\stl.h	195	static constexpr size_type length_n(_In_reads_opt_(buf_size) const TChar* str, size_type buf_size) noexcept
packages\Microsoft.Windows.ImplementationLibrary.1.0.250325.1\include\wil\Tracelogging.h	530	static bool WasAlreadyReportedToTelemetry(long failureId) WI_NOEXCEPT
packages\Microsoft.Windows.ImplementationLibrary.1.0.250325.1\include\wil\Tracelogging.h	1000	static TraceLoggingHProvider Provider() WI_NOEXCEPT
packages\Microsoft.Windows.ImplementationLibrary.1.0.250325.1\include\wil\Tracelogging.h	1223	static TraceLoggingHProvider Provider()
packages\Microsoft.Windows.ImplementationLibrary.1.0.250325.1\include\wil\Tracelogging.h	1406	static bool IsEnabled() WI_NOEXCEPT \
packages\Microsoft.Windows.ImplementationLibrary.1.0.250325.1\include\wil\Tracelogging.h	2223	static bool IsEnabled( \
packages\Microsoft.Windows.ImplementationLibrary.1.0.250325.1\include\wil\Tracelogging.h	2229	static TraceLoggingHProvider Provider() WI_NOEXCEPT \
packages\Microsoft.Windows.ImplementationLibrary.1.0.250325.1\include\wil\Tracelogging.h	2233	static void SetTelemetryEnabled(bool) WI_NOEXCEPT \
packages\Microsoft.Windows.ImplementationLibrary.1.0.250325.1\include\wil\Tracelogging.h	2236	static void SetErrorReportingType(wil::ErrorReportingType type) WI_NOEXCEPT \
packages\Microsoft.Windows.ImplementationLibrary.1.0.250325.1\include\wil\Tracelogging.h	2240	static void __stdcall FallbackTelemetryCallback(bool alreadyReported, wil::FailureInfo const& failure) WI_NOEXCEPT \
packages\Microsoft.Windows.ImplementationLibrary.1.0.250325.1\include\wil\Tracelogging.h	2258	static CallContext Start(PCSTR contextName) WI_NOEXCEPT \
packages\Microsoft.Windows.ImplementationLibrary.1.0.250325.1\include\wil\Tracelogging.h	2262	static CallContext Start(PCSTR contextName, _Printf_format_string_ PCSTR formatString, ...) WI_NOEXCEPT \
packages\Microsoft.Windows.ImplementationLibrary.1.0.250325.1\include\wil\Tracelogging.h	2268	static void TraceLoggingInfo(_Printf_format_string_ PCSTR formatString, ...) WI_NOEXCEPT \
packages\Microsoft.Windows.ImplementationLibrary.1.0.250325.1\include\wil\Tracelogging.h	2274	static void TraceLoggingError(_Printf_format_string_ PCSTR formatString, ...) WI_NOEXCEPT \
packages\Microsoft.Windows.ImplementationLibrary.1.0.250325.1\include\wil\Tracelogging.h	2286	static TraceLoggingClassName* Instance() WI_NOEXCEPT \
packages\Microsoft.Windows.ImplementationLibrary.1.0.250325.1\include\wil\Tracelogging.h	2333	static VOID NTAPI Callback( \
packages\Microsoft.Windows.ImplementationLibrary.1.0.250325.1\include\wil\Tracelogging.h	2375	static void EventId() \
packages\Microsoft.Windows.ImplementationLibrary.1.0.250325.1\include\wil\Tracelogging.h	2381	static void EventId() \
packages\Microsoft.Windows.ImplementationLibrary.1.0.250325.1\include\wil\Tracelogging.h	2389	static void EventId(PCSTR correlationVector) \
packages\Microsoft.Windows.ImplementationLibrary.1.0.250325.1\include\wil\Tracelogging.h	2396	static void EventId(PCSTR correlationVector) \
packages\Microsoft.Windows.ImplementationLibrary.1.0.250325.1\include\wil\Tracelogging.h	2405	static void EventId(T1&& varName1) \
packages\Microsoft.Windows.ImplementationLibrary.1.0.250325.1\include\wil\Tracelogging.h	2417	static void EventId(T1&& varName1) \
packages\Microsoft.Windows.ImplementationLibrary.1.0.250325.1\include\wil\Tracelogging.h	2430	static void EventId(T1&& varName1, PCSTR correlationVector) \
packages\Microsoft.Windows.ImplementationLibrary.1.0.250325.1\include\wil\Tracelogging.h	2443	static void EventId(T1&& varName1, PCSTR correlationVector) \
packages\Microsoft.Windows.ImplementationLibrary.1.0.250325.1\include\wil\Tracelogging.h	2457	static void EventId(T1&& varName1, T2&& varName2) \
packages\Microsoft.Windows.ImplementationLibrary.1.0.250325.1\include\wil\Tracelogging.h	2470	static void EventId(T1&& varName1, T2&& varName2) \
packages\Microsoft.Windows.ImplementationLibrary.1.0.250325.1\include\wil\Tracelogging.h	2484	static void EventId(T1&& varName1, T2&& varName2, PCSTR correlationVector) \
packages\Microsoft.Windows.ImplementationLibrary.1.0.250325.1\include\wil\Tracelogging.h	2498	static void EventId(T1&& varName1, T2&& varName2, PCSTR correlationVector) \
packages\Microsoft.Windows.ImplementationLibrary.1.0.250325.1\include\wil\Tracelogging.h	2513	static void EventId(T1&& varName1, T2&& varName2, T3&& varName3) \
packages\Microsoft.Windows.ImplementationLibrary.1.0.250325.1\include\wil\Tracelogging.h	2527	static void EventId(T1&& varName1, T2&& varName2, T3&& varName3) \
packages\Microsoft.Windows.ImplementationLibrary.1.0.250325.1\include\wil\Tracelogging.h	2542	static void EventId(T1&& varName1, T2&& varName2, T3&& varName3, PCSTR correlationVector) \
packages\Microsoft.Windows.ImplementationLibrary.1.0.250325.1\include\wil\Tracelogging.h	2557	static void EventId(T1&& varName1, T2&& varName2, T3&& varName3, PCSTR correlationVector) \
packages\Microsoft.Windows.ImplementationLibrary.1.0.250325.1\include\wil\Tracelogging.h	2573	static void EventId(T1&& varName1, T2&& varName2, T3&& varName3, T4&& varName4) \
packages\Microsoft.Windows.ImplementationLibrary.1.0.250325.1\include\wil\Tracelogging.h	2588	static void EventId(T1&& varName1, T2&& varName2, T3&& varName3, T4&& varName4) \
packages\Microsoft.Windows.ImplementationLibrary.1.0.250325.1\include\wil\Tracelogging.h	2604	static void EventId(T1&& varName1, T2&& varName2, T3&& varName3, T4&& varName4, PCSTR correlationVector) \
packages\Microsoft.Windows.ImplementationLibrary.1.0.250325.1\include\wil\Tracelogging.h	2620	static void EventId(T1&& varName1, T2&& varName2, T3&& varName3, T4&& varName4, PCSTR correlationVector) \
packages\Microsoft.Windows.ImplementationLibrary.1.0.250325.1\include\wil\Tracelogging.h	2638	static void EventId(T1&& varName1, T2&& varName2, T3&& varName3, T4&& varName4, T5&& varName5) \
packages\Microsoft.Windows.ImplementationLibrary.1.0.250325.1\include\wil\Tracelogging.h	2655	static void EventId(T1&& varName1, T2&& varName2, T3&& varName3, T4&& varName4, T5&& varName5) \
packages\Microsoft.Windows.ImplementationLibrary.1.0.250325.1\include\wil\Tracelogging.h	2673	static void EventId(T1&& varName1, T2&& varName2, T3&& varName3, T4&& varName4, T5&& varName5, PCSTR correlationVector) \
packages\Microsoft.Windows.ImplementationLibrary.1.0.250325.1\include\wil\Tracelogging.h	2691	static void EventId(T1&& varName1, T2&& varName2, T3&& varName3, T4&& varName4, T5&& varName5, PCSTR correlationVector) \
packages\Microsoft.Windows.ImplementationLibrary.1.0.250325.1\include\wil\Tracelogging.h	2710	static void EventId(T1&& varName1, T2&& varName2, T3&& varName3, T4&& varName4, T5&& varName5, T6&& varName6) \
packages\Microsoft.Windows.ImplementationLibrary.1.0.250325.1\include\wil\Tracelogging.h	2728	static void EventId(T1&& varName1, T2&& varName2, T3&& varName3, T4&& varName4, T5&& varName5, T6&& varName6) \
packages\Microsoft.Windows.ImplementationLibrary.1.0.250325.1\include\wil\Tracelogging.h	2747	static void EventId(T1&& varName1, T2&& varName2, T3&& varName3, T4&& varName4, T5&& varName5, T6&& varName6, PCSTR correlationVector) \
packages\Microsoft.Windows.ImplementationLibrary.1.0.250325.1\include\wil\Tracelogging.h	2766	static void EventId(T1&& varName1, T2&& varName2, T3&& varName3, T4&& varName4, T5&& varName5, T6&& varName6, PCSTR correlationVector) \
packages\Microsoft.Windows.ImplementationLibrary.1.0.250325.1\include\wil\Tracelogging.h	2786	static void EventId(T1&& varName1, T2&& varName2, T3&& varName3, T4&& varName4, T5&& varName5, T6&& varName6, T7&& varName7) \
packages\Microsoft.Windows.ImplementationLibrary.1.0.250325.1\include\wil\Tracelogging.h	2805	static void EventId(T1&& varName1, T2&& varName2, T3&& varName3, T4&& varName4, T5&& varName5, T6&& varName6, T7&& varName7) \
packages\Microsoft.Windows.ImplementationLibrary.1.0.250325.1\include\wil\Tracelogging.h	2825	static void EventId( \
packages\Microsoft.Windows.ImplementationLibrary.1.0.250325.1\include\wil\Tracelogging.h	2846	static void EventId( \
packages\Microsoft.Windows.ImplementationLibrary.1.0.250325.1\include\wil\Tracelogging.h	2868	static void EventId(T1&& varName1, T2&& varName2, T3&& varName3, T4&& varName4, T5&& varName5, T6&& varName6, T7&& varName7, T8&& varName8) \
packages\Microsoft.Windows.ImplementationLibrary.1.0.250325.1\include\wil\Tracelogging.h	2888	static void EventId(T1&& varName1, T2&& varName2, T3&& varName3, T4&& varName4, T5&& varName5, T6&& varName6, T7&& varName7, T8&& varName8) \
packages\Microsoft.Windows.ImplementationLibrary.1.0.250325.1\include\wil\Tracelogging.h	2909	static void EventId( \
packages\Microsoft.Windows.ImplementationLibrary.1.0.250325.1\include\wil\Tracelogging.h	2931	static void EventId( \
packages\Microsoft.Windows.ImplementationLibrary.1.0.250325.1\include\wil\Tracelogging.h	2973	static void EventId( \
packages\Microsoft.Windows.ImplementationLibrary.1.0.250325.1\include\wil\Tracelogging.h	3014	static void EventId( \
packages\Microsoft.Windows.ImplementationLibrary.1.0.250325.1\include\wil\Tracelogging.h	3056	static void EventId( \
packages\Microsoft.Windows.ImplementationLibrary.1.0.250325.1\include\wil\Tracelogging.h	3098	static void EventId( \
packages\Microsoft.Windows.ImplementationLibrary.1.0.250325.1\include\wil\Tracelogging.h	3143	static void EventId( \
packages\Microsoft.Windows.ImplementationLibrary.1.0.250325.1\include\wil\Tracelogging.h	3187	static void EventId( \
packages\Microsoft.Windows.ImplementationLibrary.1.0.250325.1\include\wil\Tracelogging.h	3284	static void MethodName(TArgs&&... args) WI_NOEXCEPT \
packages\Microsoft.Windows.ImplementationLibrary.1.0.250325.1\include\wil\Tracelogging.h	6148	static ActivityClassName Start(TArgs&&... args) \
packages\Microsoft.Windows.ImplementationLibrary.1.0.250325.1\include\wil\Tracelogging.h	6464	static wistd::unique_ptr<ApiData>* ProcessSingleNamespace(
packages\Microsoft.Windows.ImplementationLibrary.1.0.250325.1\include\wil\Tracelogging.h	6486	static bool IsSameNameSpace(PCWSTR namespaceClass1, PCWSTR namespaceClass2)
packages\Microsoft.Windows.ImplementationLibrary.1.0.250325.1\include\wil\Tracelogging.h	6491	static size_t GetNameSpaceLength(PCWSTR nameSpaceClass)
packages\Microsoft.Windows.ImplementationLibrary.1.0.250325.1\include\wil\Tracelogging.h	6497	static const wchar_t* GetClassStringPointer(PCWSTR nameSpaceClass)
packages\Microsoft.Windows.ImplementationLibrary.1.0.250325.1\include\wil\Tracelogging.h	6616	static void __stdcall FireEventCallback(PTP_CALLBACK_INSTANCE, PVOID, PTP_TIMER)
packages\Microsoft.Windows.ImplementationLibrary.1.0.250325.1\include\wil\win32_helpers.h	904	static auto deduce(T& range)
packages\Microsoft.Windows.ImplementationLibrary.1.0.250325.1\include\wil\winrt.h	86	static const wchar_t* get_buffer(HSTRING hstr, UINT32* length) WI_NOEXCEPT
packages\Microsoft.Windows.ImplementationLibrary.1.0.250325.1\include\wil\winrt.h	91	static const wchar_t* get_buffer(const Microsoft::WRL::Wrappers::HString& hstr, UINT32* length) WI_NOEXCEPT
packages\Microsoft.Windows.ImplementationLibrary.1.0.250325.1\include\wil\winrt.h	96	static const wchar_t* get_buffer(const Microsoft::WRL::Wrappers::HStringReference& hstr, UINT32* length) WI_NOEXCEPT
packages\Microsoft.Windows.ImplementationLibrary.1.0.250325.1\include\wil\winrt.h	101	static const wchar_t* get_buffer(const unique_hstring& str, UINT32* length) WI_NOEXCEPT
packages\Microsoft.Windows.ImplementationLibrary.1.0.250325.1\include\wil\winrt.h	107	static wistd::enable_if_t<Enable, const wchar_t*> get_buffer(const wchar_t* str, UINT32* length) WI_NOEXCEPT
packages\Microsoft.Windows.ImplementationLibrary.1.0.250325.1\include\wil\winrt.h	156	static auto compare(LhsT&& lhs, RhsT&& rhs)
packages\Microsoft.Windows.ImplementationLibrary.1.0.250325.1\include\wil\winrt.h	171	static auto equals(LhsT&& lhs, RhsT&& rhs) WI_NOEXCEPT
packages\Microsoft.Windows.ImplementationLibrary.1.0.250325.1\include\wil\winrt.h	178	static auto not_equals(LhsT&& lhs, RhsT&& rhs) WI_NOEXCEPT
packages\Microsoft.Windows.ImplementationLibrary.1.0.250325.1\include\wil\winrt.h	185	static auto less(LhsT&& lhs, RhsT&& rhs) WI_NOEXCEPT
packages\Microsoft.Windows.ImplementationLibrary.1.0.250325.1\include\wil\winrt.h	192	static auto less_equals(LhsT&& lhs, RhsT&& rhs) WI_NOEXCEPT
packages\Microsoft.Windows.ImplementationLibrary.1.0.250325.1\include\wil\winrt.h	199	static auto greater(LhsT&& lhs, RhsT&& rhs) WI_NOEXCEPT
packages\Microsoft.Windows.ImplementationLibrary.1.0.250325.1\include\wil\winrt.h	206	static auto greater_equals(LhsT&& lhs, RhsT&& rhs) WI_NOEXCEPT
packages\Microsoft.Windows.ImplementationLibrary.1.0.250325.1\include\wil\winrt.h	251	static TwoPhaseHStringConstructor Preallocate(UINT32 characterLength)
packages\Microsoft.Windows.ImplementationLibrary.1.0.250325.1\include\wil\winrt.h	1452	static typename LastTypeOfTs<OtherTs...>::type LastTypeOfTsFunc()
packages\Microsoft.Windows.ImplementationLibrary.1.0.250325.1\include\wil\winrt.h	2358	static const wchar_t* z_get_rc_name_impl()
packages\Microsoft.Windows.ImplementationLibrary.1.0.250325.1\include\wil\winrt.h	2368	static const wchar_t* z_get_rc_name_impl()
packages\Microsoft.Windows.ImplementationLibrary.1.0.250325.1\include\wil\winrt.h	2378	static const wchar_t* z_get_rc_name_impl()
packages\Microsoft.Windows.ImplementationLibrary.1.0.250325.1\include\wil\winrt.h	2388	static const wchar_t* z_get_rc_name_impl()
packages\Microsoft.Windows.ImplementationLibrary.1.0.250325.1\include\wil\winrt.h	2398	static const wchar_t* z_get_rc_name_impl()
packages\Microsoft.Windows.ImplementationLibrary.1.0.250325.1\include\wil\winrt.h	2408	static const wchar_t* z_get_rc_name_impl()
packages\Microsoft.Windows.ImplementationLibrary.1.0.250325.1\include\wil\winrt.h	2418	static const wchar_t* z_get_rc_name_impl()
packages\Microsoft.Windows.ImplementationLibrary.1.0.250325.1\include\wil\winrt.h	2428	static const wchar_t* z_get_rc_name_impl()
packages\Microsoft.Windows.ImplementationLibrary.1.0.250325.1\include\wil\winrt.h	2438	static const wchar_t* z_get_rc_name_impl()
packages\Microsoft.Windows.ImplementationLibrary.1.0.250325.1\include\wil\winrt.h	2448	static const wchar_t* z_get_rc_name_impl()
packages\Microsoft.Windows.ImplementationLibrary.1.0.250325.1\include\wil\winrt.h	2458	static const wchar_t* z_get_rc_name_impl()
packages\Microsoft.Windows.ImplementationLibrary.1.0.250325.1\include\wil\winrt.h	2468	static const wchar_t* z_get_rc_name_impl()
packages\Microsoft.Windows.ImplementationLibrary.1.0.250325.1\include\wil\wistd_functional.h	68	static _Ret __call(_Args&&... __args)
packages\Microsoft.Windows.ImplementationLibrary.1.0.250325.1\include\wil\wistd_functional.h	74	static _Ret __call(_Fn __f)
packages\Microsoft.Windows.ImplementationLibrary.1.0.250325.1\include\wil\wistd_functional.h	80	static _Ret __call(_Fn __f, _A0& __a0)
packages\Microsoft.Windows.ImplementationLibrary.1.0.250325.1\include\wil\wistd_functional.h	86	static _Ret __call(_Fn __f, _A0& __a0, _A1& __a1)
packages\Microsoft.Windows.ImplementationLibrary.1.0.250325.1\include\wil\wistd_functional.h	92	static _Ret __call(_Fn __f, _A0& __a0, _A1& __a1, _A2& __a2)
packages\Microsoft.Windows.ImplementationLibrary.1.0.250325.1\include\wil\wistd_functional.h	104	static void __call(_Args&&... __args)
packages\Microsoft.Windows.ImplementationLibrary.1.0.250325.1\include\wil\wistd_functional.h	110	static void __call(_Fn __f)
packages\Microsoft.Windows.ImplementationLibrary.1.0.250325.1\include\wil\wistd_functional.h	116	static void __call(_Fn __f, _A0& __a0)
packages\Microsoft.Windows.ImplementationLibrary.1.0.250325.1\include\wil\wistd_functional.h	122	static void __call(_Fn __f, _A0& __a0, _A1& __a1)
packages\Microsoft.Windows.ImplementationLibrary.1.0.250325.1\include\wil\wistd_functional.h	128	static void __call(_Fn __f, _A0& __a0, _A1& __a1, _A2& __a2)
packages\Microsoft.Windows.ImplementationLibrary.1.0.250325.1\include\wil\wistd_type_traits.h	3299	static integral_constant<bool, !__is_invalid_base_to_derived_cast<_To, _From>::value && !__is_invalid_lvalue_to_rvalue_cast<_To, _From>::value> __test_cast(
packages\Microsoft.Windows.ImplementationLibrary.1.0.250325.1\include\wil\wistd_type_traits.h	4526	static void __test_noexcept(_Tp) noexcept;
packages\Microsoft.Windows.ImplementationLibrary.1.0.250325.1\include\wil\wistd_type_traits.h	4847	static auto __test(int) -> typename __select_2nd<decltype(declval<_Up>().operator&()), true_type>::type;
packages\Microsoft.Windows.ImplementationLibrary.1.0.250325.1\include\wil\wistd_type_traits.h	4849	static auto __test(long) -> false_type;
packages\Microsoft.Windows.ImplementationLibrary.1.0.250325.1\include\wil\wistd_type_traits.h	4858	static auto __test(int) -> typename __select_2nd<decltype(operator&(declval<_Up>())), true_type>::type;
packages\Microsoft.Windows.ImplementationLibrary.1.0.250325.1\include\wil\wistd_type_traits.h	4860	static auto __test(long) -> false_type;
packages\Microsoft.WindowsAppSDK.Foundation.1.8.251104000\include\decimal.h	188	static decimal from_string_with_locale(PCSTR source, const LCID localeId)
packages\Microsoft.WindowsAppSDK.Foundation.1.8.251104000\include\decimal.h	194	static decimal from_string_with_locale(PCSTR source, PCSTR localeName)
packages\Microsoft.WindowsAppSDK.Foundation.1.8.251104000\include\decimal.h	201	static bool try_from_string_with_locale(PCSTR source, const LCID localeId, decimal& value)
packages\Microsoft.WindowsAppSDK.Foundation.1.8.251104000\include\decimal.h	207	static bool try_from_string_with_locale(PCSTR source, PCSTR localeName, decimal& value)
packages\Microsoft.WindowsAppSDK.Foundation.1.8.251104000\include\decimal.h	216	static decimal from_string(PCSTR source)
packages\Microsoft.WindowsAppSDK.Foundation.1.8.251104000\include\decimal.h	222	static decimal from_string_invariant(PCSTR source)
packages\Microsoft.WindowsAppSDK.Foundation.1.8.251104000\include\decimal.h	231	static decimal from_string(PCSTR source, PCSTR localeName)
packages\Microsoft.WindowsAppSDK.Foundation.1.8.251104000\include\decimal.h	237	static bool try_from_string(PCSTR source, decimal& value)
packages\Microsoft.WindowsAppSDK.Foundation.1.8.251104000\include\decimal.h	243	static bool try_from_string_invariant(PCSTR source, decimal& value)
packages\Microsoft.WindowsAppSDK.Foundation.1.8.251104000\include\decimal.h	249	static bool try_from_string(PCSTR source, PCSTR localeName, decimal& value)
packages\Microsoft.WindowsAppSDK.Foundation.1.8.251104000\include\decimal.h	255	static LCID to_lcid(PCWSTR localeName)
packages\Microsoft.WindowsAppSDK.Foundation.1.8.251104000\include\decimal.h	262	static bool try_to_lcid(PCWSTR localeName, LCID& lcid)
packages\Microsoft.WindowsAppSDK.Foundation.1.8.251104000\include\decimal.h	274	static decimal from_string_with_locale(PCWSTR source, const LCID localeId)
packages\Microsoft.WindowsAppSDK.Foundation.1.8.251104000\include\decimal.h	286	static decimal from_string_with_locale(PCWSTR source, PCWSTR localeName)
packages\Microsoft.WindowsAppSDK.Foundation.1.8.251104000\include\decimal.h	291	static bool try_from_string_with_locale(PCWSTR source, const LCID localeId, decimal& value)
packages\Microsoft.WindowsAppSDK.Foundation.1.8.251104000\include\decimal.h	306	static bool try_from_string_with_locale(PCWSTR source, PCWSTR localeName, decimal& value)
packages\Microsoft.WindowsAppSDK.Foundation.1.8.251104000\include\decimal.h	318	static decimal from_string(PCWSTR source)
packages\Microsoft.WindowsAppSDK.Foundation.1.8.251104000\include\decimal.h	324	static decimal from_string_invariant(PCWSTR source)
packages\Microsoft.WindowsAppSDK.Foundation.1.8.251104000\include\decimal.h	333	static decimal from_string(PCWSTR source, PCWSTR localeName)
packages\Microsoft.WindowsAppSDK.Foundation.1.8.251104000\include\decimal.h	339	static bool try_from_string(PCWSTR source, decimal& value)
packages\Microsoft.WindowsAppSDK.Foundation.1.8.251104000\include\decimal.h	345	static bool try_from_string_invariant(PCWSTR source, decimal& value)
packages\Microsoft.WindowsAppSDK.Foundation.1.8.251104000\include\decimal.h	351	static bool try_from_string(PCWSTR source, PCWSTR localeName, decimal& value)
packages\Microsoft.WindowsAppSDK.Foundation.1.8.251104000\include\decimal.h	358	static decimal from_string(const std::string& source)
packages\Microsoft.WindowsAppSDK.Foundation.1.8.251104000\include\decimal.h	364	static decimal from_string_invariant(const std::string& source)
packages\Microsoft.WindowsAppSDK.Foundation.1.8.251104000\include\decimal.h	373	static decimal from_string(const std::string& source, const std::string& localeName)
packages\Microsoft.WindowsAppSDK.Foundation.1.8.251104000\include\decimal.h	382	static decimal from_string(const std::string& source, const PCSTR localeName)
packages\Microsoft.WindowsAppSDK.Foundation.1.8.251104000\include\decimal.h	388	static bool try_from_string(const std::string& source, decimal& value)
packages\Microsoft.WindowsAppSDK.Foundation.1.8.251104000\include\decimal.h	394	static bool try_from_string_invariant(const std::string& source, decimal& value)
packages\Microsoft.WindowsAppSDK.Foundation.1.8.251104000\include\decimal.h	403	static bool try_from_string(const std::string& source, const std::string& localeName, decimal& value)
packages\Microsoft.WindowsAppSDK.Foundation.1.8.251104000\include\decimal.h	412	static bool try_from_string(const std::string& source, PCSTR localeName, decimal& value)
packages\Microsoft.WindowsAppSDK.Foundation.1.8.251104000\include\decimal.h	419	static decimal from_wstring(const std::wstring& source)
packages\Microsoft.WindowsAppSDK.Foundation.1.8.251104000\include\decimal.h	425	static decimal from_wstring_invariant(const std::wstring& source)
packages\Microsoft.WindowsAppSDK.Foundation.1.8.251104000\include\decimal.h	434	static decimal from_wstring(const std::wstring& source, const std::wstring& localeName)
packages\Microsoft.WindowsAppSDK.Foundation.1.8.251104000\include\decimal.h	443	static decimal from_wstring(const std::wstring& source, PCWSTR localeName)
packages\Microsoft.WindowsAppSDK.Foundation.1.8.251104000\include\decimal.h	449	static bool try_from_wstring(const std::wstring& source, decimal& value)
packages\Microsoft.WindowsAppSDK.Foundation.1.8.251104000\include\decimal.h	455	static bool try_from_wstring_invariant(const std::wstring& source, decimal& value)
packages\Microsoft.WindowsAppSDK.Foundation.1.8.251104000\include\decimal.h	461	static bool try_from_wstring(const std::wstring& source, const std::wstring& localeName, decimal& value)
packages\Microsoft.WindowsAppSDK.Foundation.1.8.251104000\include\decimal.h	467	static bool try_from_wstring(const std::wstring& source, PCWSTR localeName, decimal& value)
packages\Microsoft.WindowsAppSDK.Foundation.1.8.251104000\include\decimal.h	475	static decimal from_HSTRING(const HSTRING& source)
packages\Microsoft.WindowsAppSDK.Foundation.1.8.251104000\include\decimal.h	481	static decimal from_HSTRING_invariant(const HSTRING& source)
packages\Microsoft.WindowsAppSDK.Foundation.1.8.251104000\include\decimal.h	490	static decimal from_HSTRING(const HSTRING& source, const HSTRING& localeName)
packages\Microsoft.WindowsAppSDK.Foundation.1.8.251104000\include\decimal.h	499	static decimal from_HSTRING(const HSTRING& source, PCWSTR localeName)
packages\Microsoft.WindowsAppSDK.Foundation.1.8.251104000\include\decimal.h	505	static bool try_from_HSTRING(const HSTRING& source, decimal& value)
packages\Microsoft.WindowsAppSDK.Foundation.1.8.251104000\include\decimal.h	511	static bool try_from_HSTRING_invariant(const HSTRING& source, decimal& value)
packages\Microsoft.WindowsAppSDK.Foundation.1.8.251104000\include\decimal.h	517	static bool try_from_HSTRING(const HSTRING& source, const HSTRING& localeName, decimal& value)
packages\Microsoft.WindowsAppSDK.Foundation.1.8.251104000\include\decimal.h	523	static bool try_from_HSTRING(const HSTRING& source, PCWSTR localeName, decimal& value)
packages\Microsoft.WindowsAppSDK.Foundation.1.8.251104000\include\decimal.h	532	static decimal from_hstring(const winrt::hstring& source)
packages\Microsoft.WindowsAppSDK.Foundation.1.8.251104000\include\decimal.h	538	static decimal from_hstring_invariant(const winrt::hstring& source)
packages\Microsoft.WindowsAppSDK.Foundation.1.8.251104000\include\decimal.h	547	static decimal from_hstring(const winrt::hstring& source, const winrt::hstring& localeName)
packages\Microsoft.WindowsAppSDK.Foundation.1.8.251104000\include\decimal.h	556	static decimal from_hstring(const winrt::hstring& source, PCWSTR localeName)
packages\Microsoft.WindowsAppSDK.Foundation.1.8.251104000\include\decimal.h	562	static bool try_from_hstring(const winrt::hstring& source, decimal& value)
packages\Microsoft.WindowsAppSDK.Foundation.1.8.251104000\include\decimal.h	568	static bool try_from_hstring_invariant(const winrt::hstring& source, decimal& value)
packages\Microsoft.WindowsAppSDK.Foundation.1.8.251104000\include\decimal.h	574	static bool try_from_hstring(const winrt::hstring& source, const winrt::hstring& localeName, decimal& value)
packages\Microsoft.WindowsAppSDK.Foundation.1.8.251104000\include\decimal.h	580	static bool try_from_hstring(const winrt::hstring& source, PCWSTR localeName, decimal& value)
packages\Microsoft.WindowsAppSDK.Foundation.1.8.251104000\include\decimal.h	976	static constexpr bool is_valid(const DECIMAL& value)
packages\Microsoft.WindowsAppSDK.Foundation.1.8.251104000\include\decimal.h	989	static constexpr bool is_integer(const DECIMAL& value)
packages\Microsoft.WindowsAppSDK.Foundation.1.8.251104000\include\decimal.h	1010	static constexpr std::uint8_t max_scale()
packages\Microsoft.WindowsAppSDK.Foundation.1.8.251104000\include\decimal.h	1016	static constexpr decimal max_value()
packages\Microsoft.WindowsAppSDK.Foundation.1.8.251104000\include\decimal.h	1025	static constexpr decimal min_value()
packages\Microsoft.WindowsAppSDK.Foundation.1.8.251104000\include\decimal.h	1218	static constexpr void validate(const DECIMAL& value)
packages\Microsoft.WindowsAppSDK.Foundation.1.8.251104000\include\DeploymentManagerAutoInitializer.cpp	29	static ::winrt::Microsoft::Windows::ApplicationModel::WindowsAppRuntime::DeploymentInitializeOptions Options()
packages\Microsoft.WindowsAppSDK.Foundation.1.8.251104000\include\MddBootstrap.h	131	static std::wstring ToString(uint16_t major, uint16_t minor, uint16_t build, uint16_t revision)
packages\Microsoft.WindowsAppSDK.Foundation.1.8.251104000\include\WindowsAppRuntimeAutoInitializer.cpp	39	static void Initialize()
packages\Microsoft.WindowsAppSDK.Foundation.1.8.251104000\include\WindowsAppRuntimeInsights.h	21	static std::string WindowsAppRuntimeVersion()
packages\Microsoft.WindowsAppSDK.Foundation.1.8.251104000\include\WindowsAppRuntimeInsights.h	28	static std::string WindowsAppRuntimeChannel()
packages\Microsoft.WindowsAppSDK.Foundation.1.8.251104000\include\WindowsAppRuntimeInsights.h	36	static std::string LoadStringFromResource(uint32_t id)
packages\Microsoft.WindowsAppSDK.Foundation.1.8.251104000\include\WindowsAppRuntimeInsights.h	49	static wil::unique_hmodule LoadResourceModule()
packages\Microsoft.WindowsAppSDK.InteractiveExperiences.1.8.251104001\include\Microsoft.UI.Interop.h	54	static HRESULT EnsureInteropImplLoaded()
packages\Microsoft.WindowsAppSDK.InteractiveExperiences.1.8.251104001\include\Microsoft.UI.Interop.h	96	static HRESULT GetWindowFromWindowId(_In_ ::ABI::Microsoft::UI::WindowId windowId, _Out_ HWND* hwnd) noexcept
packages\Microsoft.WindowsAppSDK.InteractiveExperiences.1.8.251104001\include\Microsoft.UI.Interop.h	108	static HRESULT GetWindowIdFromWindow(_In_ HWND hwnd, _Out_ ::ABI::Microsoft::UI::WindowId* windowId) noexcept
packages\Microsoft.WindowsAppSDK.InteractiveExperiences.1.8.251104001\include\Microsoft.UI.Interop.h	120	static HRESULT GetMonitorFromDisplayId(_In_ ::ABI::Microsoft::UI::DisplayId displayId, _Out_ HMONITOR* hmonitor) noexcept
packages\Microsoft.WindowsAppSDK.InteractiveExperiences.1.8.251104001\include\Microsoft.UI.Interop.h	132	static HRESULT GetDisplayIdFromMonitor(_In_ HMONITOR hmonitor, _Out_ ::ABI::Microsoft::UI::DisplayId* displayId) noexcept
packages\Microsoft.WindowsAppSDK.InteractiveExperiences.1.8.251104001\include\Microsoft.UI.Interop.h	144	static HRESULT GetIconFromIconId(_In_ ::ABI::Microsoft::UI::IconId iconId, _Out_ HICON* hicon) noexcept
packages\Microsoft.WindowsAppSDK.InteractiveExperiences.1.8.251104001\include\Microsoft.UI.Interop.h	156	static HRESULT GetIconIdFromIcon(_In_ HICON hicon, _Out_ ::ABI::Microsoft::UI::IconId* iconId) noexcept
packages\Microsoft.WindowsAppSDK.InteractiveExperiences.1.8.251104001\include\winrt\Microsoft.UI.Interop.h	49	static void EnsureInteropImplLoaded()
packages\Microsoft.WindowsAppSDK.InteractiveExperiences.1.8.251104001\include\winrt\Microsoft.UI.Interop.h	90	static winrt::Microsoft::UI::WindowId GetWindowIdFromWindow(_In_ const HWND& hwnd)
packages\Microsoft.WindowsAppSDK.InteractiveExperiences.1.8.251104001\include\winrt\Microsoft.UI.Interop.h	100	static HWND GetWindowFromWindowId(_In_ const winrt::Microsoft::UI::WindowId& windowId)
packages\Microsoft.WindowsAppSDK.InteractiveExperiences.1.8.251104001\include\winrt\Microsoft.UI.Interop.h	110	static winrt::Microsoft::UI::DisplayId GetDisplayIdFromMonitor(_In_ const HMONITOR& hmonitor)
packages\Microsoft.WindowsAppSDK.InteractiveExperiences.1.8.251104001\include\winrt\Microsoft.UI.Interop.h	120	static HMONITOR GetMonitorFromDisplayId(_In_ const winrt::Microsoft::UI::DisplayId& displayId)
packages\Microsoft.WindowsAppSDK.InteractiveExperiences.1.8.251104001\include\winrt\Microsoft.UI.Interop.h	130	static winrt::Microsoft::UI::IconId GetIconIdFromIcon(_In_ const HICON& hicon)
packages\Microsoft.WindowsAppSDK.InteractiveExperiences.1.8.251104001\include\winrt\Microsoft.UI.Interop.h	140	static HICON GetIconFromIconId(_In_ const winrt::Microsoft::UI::IconId& iconId)
packages\Microsoft.WindowsAppSDK.ML.1.8.2109\include\winml\environment.h	55	static Status Create(std::unique_ptr<logging::LoggingManager> logging_manager,
packages\Microsoft.WindowsAppSDK.ML.1.8.2109\include\winml\environment.h	215	static Status Create(std::unique_ptr<EpLibrary> library_in, std::unique_ptr<EpInfo>& out,
packages\Microsoft.WindowsAppSDK.ML.1.8.2109\include\winml\onnxruntime_cxx_api.h	861	static Status Create(const ORTCHAR_T* filepath, int64_t file_offset, size_t byte_size,
packages\Microsoft.WindowsAppSDK.ML.1.8.2109\include\winml\onnxruntime_cxx_api.h	1171	static LoraAdapter CreateLoraAdapter(const std::basic_string<ORTCHAR_T>& adapter_path,
packages\Microsoft.WindowsAppSDK.ML.1.8.2109\include\winml\onnxruntime_cxx_api.h	1181	static LoraAdapter CreateLoraAdapterFromArray(const void* bytes, size_t num_bytes,
packages\Microsoft.WindowsAppSDK.ML.1.8.2109\include\winml\onnxruntime_cxx_api.h	1694	static Session CreateModelEditorSession(const Env& env, const void* model_data, size_t model_data_length,
packages\Microsoft.WindowsAppSDK.ML.1.8.2109\include\winml\onnxruntime_cxx_api.h	2216	static Value CreateTensor(const OrtMemoryInfo* info, T* p_data, size_t p_data_element_count,
packages\Microsoft.WindowsAppSDK.ML.1.8.2109\include\winml\onnxruntime_cxx_api.h	2228	static Value CreateTensor(const OrtMemoryInfo* info, void* p_data, size_t p_data_byte_count,
packages\Microsoft.WindowsAppSDK.ML.1.8.2109\include\winml\onnxruntime_cxx_api.h	2241	static Value CreateTensor(OrtAllocator* deleter, void* p_data, size_t p_data_byte_count,
packages\Microsoft.WindowsAppSDK.ML.1.8.2109\include\winml\onnxruntime_cxx_api.h	2270	static Value CreateTensor(OrtAllocator* allocator, const int64_t* shape, size_t shape_len,
packages\Microsoft.WindowsAppSDK.ML.1.8.2109\include\winml\onnxruntime_cxx_api.h	2281	static Value CreateMap(const Value& keys, const Value& values);  ///< Wraps OrtApi::CreateValue
packages\Microsoft.WindowsAppSDK.ML.1.8.2109\include\winml\onnxruntime_cxx_api.h	2290	static Value CreateSequence(const std::vector<Value>& values);  ///< Wraps OrtApi::CreateValue
packages\Microsoft.WindowsAppSDK.ML.1.8.2109\include\winml\onnxruntime_cxx_api.h	2301	static Value CreateOpaque(const char* domain, const char* type_name, const T& value);  ///< Wraps OrtApi::CreateOpaqueValue
packages\Microsoft.WindowsAppSDK.ML.1.8.2109\include\winml\onnxruntime_cxx_api.h	2315	static Value CreateSparseTensor(const OrtMemoryInfo* info, T* p_data, const Shape& dense_shape,
packages\Microsoft.WindowsAppSDK.ML.1.8.2109\include\winml\onnxruntime_cxx_api.h	2334	static Value CreateSparseTensor(const OrtMemoryInfo* info, void* p_data, const Shape& dense_shape,
packages\Microsoft.WindowsAppSDK.ML.1.8.2109\include\winml\onnxruntime_cxx_api.h	2738	static Op Create(const OrtKernelInfo* info, const char* op_name, const char* domain,
packages\Microsoft.WindowsAppSDK.ML.1.8.2109\include\winml\onnxruntime_cxx_api.h	3100	static void Init(const std::string& operator_name, const std::string& operator_domain,
packages\Microsoft.WindowsAppSDK.ML.1.8.2109\include\winml\onnxruntime_float16.h	333	static uint16_t ToUint16Impl(float v) noexcept;
WorldServer\Entities\CEntity.cpp	40	static void ExtractVertex(
WorldServer\Entities\CheatCommands.cpp	262	static GUILD_BATTLE::CNormalGuildBattleField *GetBattleFieldFromPlayer(
WorldServer\Entities\CheatCommands.cpp	290	static bool CheatRegenStoneOnField(
WorldServer\Entities\CheatCommands.cpp	341	static bool CheatAssignStoneToPlayer(GUILD_BATTLE::CNormalGuildBattleField *field, CPlayer *player)
WorldServer\Entities\CheatCommands.cpp	358	static bool CheatHolyStopBattle()
WorldServer\Entities\CheatCommands.cpp	368	static bool CheatHolyKeeperStart(int nKeeperState, int nRace, unsigned int nPassTime)
WorldServer\Entities\CheatCommands.cpp	379	static bool CheatHolyState(CPlayer *player)
WorldServer\Entities\CMergeFile.cpp	8	static unsigned int GetOneNameFromPath(char *a1, char *a2, unsigned int *a3)
WorldServer\Entities\CMonsterHelper.cpp	17	static void Normalize(float *vec)
WorldServer\Entities\CRaceBuffInfoByHolyQuest.h	15	static bool LoadINISubProcLoadCode(
WorldServer\Entities\CTSingleton.h	9	static T *Instance()
WorldServer\Entities\CUnmannedTraderItemState.h	26	static char PushUpdateState(
WorldServer\Entities\DfAIMgr.h	57	static __int64 __fastcall CheckSPF_MON_MOTIVE_ATTACK_MODE_PASSAGE(
WorldServer\Entities\DfAIMgr.h	63	static __int64 __fastcall CheckSPF_MON_MOTIVE_MY_HP_DOWN(
WorldServer\Entities\DfAIMgr.h	69	static __int64 __fastcall CheckSPF_MON_MOTIVE_OTHER_HP_DOWN(
WorldServer\Entities\DfAIMgr.h	75	static __int64 __fastcall CheckSPF_MON_MOTIVE_DF(
WorldServer\Entities\gm_msg_gmcall_list_response_zocl.h	20	static void Init(_gm_msg_gmcall_list_response_zocl *msg)
WorldServer\Entities\ICsSendInterface.h	18	static void SendMsg_CashDiscountEventInform(
WorldServer\Entities\ICsSendInterface.h	22	static void SendMsg_CashEventInform(
WorldServer\Entities\ICsSendInterface.h	28	static void SendMsg_ConditionalEventInform(
WorldServer\Entities\ICsSendInterface.h	34	static void SendMsg_LimitedsaleEventInform(
WorldServer\Entities\ICsSendInterface.h	39	static void SendMsg_BuyCashItem(
WorldServer\Entities\LuaTinker.cpp	35	static int tostring_s64(lua_State *L)
WorldServer\Entities\LuaTinker.cpp	44	static int eq_s64(lua_State *L)
WorldServer\Entities\LuaTinker.cpp	51	static int lt_s64(lua_State *L)
WorldServer\Entities\LuaTinker.cpp	58	static int le_s64(lua_State *L)
WorldServer\Entities\LuaTinker.cpp	97	static int tostring_u64(lua_State *L)
WorldServer\Entities\LuaTinker.cpp	106	static int eq_u64(lua_State *L)
WorldServer\Entities\LuaTinker.cpp	113	static int lt_u64(lua_State *L)
WorldServer\Entities\LuaTinker.cpp	120	static int le_u64(lua_State *L)
WorldServer\Entities\LuaTinker.cpp	205	static void call_stack(lua_State* L, int n)
WorldServer\Entities\LuaTinker.cpp	547	static void invoke_parent(lua_State *L)
WorldServer\Entities\LuaTinker.h	145	static T invoke(void* ptr)
WorldServer\Entities\LuaTinker.h	173	static T invoke(lua_State *L, int index)
WorldServer\Entities\LuaTinker.h	242	static void invoke(lua_State *L, T val)
WorldServer\Entities\LuaTinker.h	642	static void invoke(lua_State *L)
WorldServer\Entities\LuaTinker.h	653	static void invoke(lua_State *L)
WorldServer\Entities\LuaTinker.h	664	static void invoke(lua_State *L)
WorldServer\Entities\LuaTinker.h	674	static void invoke(lua_State *L)
WorldServer\Entities\LuaTinker.h	684	static void invoke(lua_State *L)
WorldServer\Entities\LuaTinker.h	694	static int invoke(lua_State *L)
WorldServer\Entities\MathUtil.cpp	612	static __m128 sub_14051F9D0(int a1, float *a2, int a3, double a4)
WorldServer\Entities\USArray.h	115	static unsigned int SearchSlotIndex(CArrayEx *array, const State *state)
WorldServer\Entities\WorldServerUtil.cpp	5592	static HRESULT __fastcall Texture_QueryInterface(IDA_IUnknown *self, const IDA_GUID *, void **outObject)
WorldServer\Entities\WorldServerUtil.cpp	5599	static unsigned int __fastcall Texture_AddRef(IDA_IUnknown *self)
WorldServer\Entities\WorldServerUtil.cpp	5605	static unsigned int __fastcall Texture_Release(IDA_IUnknown *self)
WorldServer\Entities\WorldServerUtil.cpp	5616	static __int64 D3DXCreateTextureFromFileInMemory_0(IDirect3DDevice8 *device, const void *data, unsigned int size, void *outTex)
WorldServer\Entities\WorldServerUtil.cpp	5645	static __int64 sub_1404FFFB0(__int64 a1)
WorldServer\Entities\WorldServerUtil.cpp	5670	static __int64 sub_1404FFF30(unsigned int *a1)
WorldServer\Entities\WorldServerUtil.cpp	5709	static unsigned __int16 sub_1405005A0(unsigned __int16 a1)
WorldServer\Entities\WorldServerUtil.cpp	5716	static int sub_140501380(char *a1, const char *a2, const char *a3)
WorldServer\Entities\WorldServerUtil.cpp	5734	static void sub_140502610(char *a1)
WorldServer\Entities\WorldServerUtil.cpp	5753	static int sub_140502690(FILE *Stream, __int64 a2, int a3)
WorldServer\Entities\WorldServerUtil.cpp	5964	static void sub_140503190(char *a1, unsigned int *a2)
WorldServer\Entities\WorldServerUtil.cpp	6063	static void LoadR3X(char *a1)
WorldServer\Entities\WorldServerUtil.cpp	6181	static _LIGHTMAP **LoadR3TLightMap(struct R3Texture *a1, D3DFORMAT a2)
WorldServer\Entities\WorldServerUtil.cpp	6285	static void RestoreSystemTexture()
WorldServer\Entities\WorldServerUtil.cpp	6308	static IDirect3DTexture8 *GetD3DTextureFromBuffer(unsigned __int8 *a1, unsigned int a2)
WorldServer\Entities\WorldServerUtil.cpp	6316	static int GetMipMapSkipSize(_DDSURFACEDESC2 *a1, unsigned int a2, unsigned int a3, unsigned int a4)
WorldServer\Entities\WorldServerUtil.cpp	6342	static void MakeMipMap(unsigned short a1, unsigned short a2, unsigned short *a3, unsigned short *a4)
WorldServer\Entities\WorldServerUtil.cpp	6409	static void MakeMipMap(unsigned short a1, unsigned short a2, unsigned short *a3, unsigned char *a4)
WorldServer\ThirdParty\cryptopp\3way.cpp	24	static inline word32 reverseBits(word32 a)
WorldServer\ThirdParty\cryptopp\arc4.cpp	56	static inline unsigned int MakeByte(T &x, T &y, byte *s)
WorldServer\ThirdParty\cryptopp\ccm.h	94	static std::string StaticAlgorithmName()
WorldServer\ThirdParty\cryptopp\cham.h	38	static const std::string StaticAlgorithmName()
WorldServer\ThirdParty\cryptopp\cham.h	53	static const std::string StaticAlgorithmName()
WorldServer\ThirdParty\cryptopp\cpu.cpp	97	static void SigIllHandler(int)
WorldServer\ThirdParty\cryptopp\crc_simd.cpp	52	static void SigIllHandler(int)
WorldServer\ThirdParty\cryptopp\cryptlib.h	2374	static int DecrementPropagation(int propagation)
WorldServer\ThirdParty\cryptopp\default.cpp	28	static void Mash(const byte *in, size_t inLen, byte *out, size_t outLen, int iterations)
WorldServer\ThirdParty\cryptopp\default.cpp	66	static void GenerateKeyIV(const byte *passphrase, size_t passphraseLength, const byte *salt, size_t saltLength, unsigned int iterations, byte *key, byte *IV)
WorldServer\ThirdParty\cryptopp\default.cpp	222	static MAC* NewDataEncryptorMAC(const byte *passphrase, size_t passphraseLength)
WorldServer\ThirdParty\cryptopp\des.cpp	76	static inline void IPERM(word32 &left, word32 &right)
WorldServer\ThirdParty\cryptopp\des.cpp	98	static inline void FPERM(word32 &left, word32 &right)
WorldServer\ThirdParty\cryptopp\des.cpp	414	static inline bool CheckParity(byte b)
WorldServer\ThirdParty\cryptopp\dh.h	156	static std::string CRYPTOPP_API StaticAlgorithmName()
WorldServer\ThirdParty\cryptopp\dll.cpp	72	static void * New (size_t size)
WorldServer\ThirdParty\cryptopp\dll.cpp	81	static void SetNewAndDeleteFunctionPointers()
WorldServer\ThirdParty\cryptopp\eax.h	79	static std::string StaticAlgorithmName()
WorldServer\ThirdParty\cryptopp\eccrypto.cpp	43	static void ECDSA_TestInstantiations()
WorldServer\ThirdParty\cryptopp\eccrypto.cpp	147	static void GetRecommendedParameters(const EcRecommendedParameters<EC2N> *&begin, const EcRecommendedParameters<EC2N> *&end)
WorldServer\ThirdParty\cryptopp\eccrypto.cpp	283	static void GetRecommendedParameters(const EcRecommendedParameters<ECP> *&begin, const EcRecommendedParameters<ECP> *&end)
WorldServer\ThirdParty\cryptopp\emsa2.h	40	static HashIdentifier Lookup()
WorldServer\ThirdParty\cryptopp\fipsalgt.cpp	262	static inline void Xor(SecByteBlock &z, const SecByteBlock &x, const SecByteBlock &y)
WorldServer\ThirdParty\cryptopp\fipsalgt.cpp	295	static inline void AssignLeftMostBits(SecByteBlock &z, const SecByteBlock &x, unsigned int K)
WorldServer\ThirdParty\cryptopp\fipsalgt.cpp	368	static bool EC_PKV(RandomNumberGenerator &rng, const SecByteBlock &x, const SecByteBlock &y, const OID &oid)
WorldServer\ThirdParty\cryptopp\fipsalgt.cpp	1184	static SecByteBlock DecodeHex(const std::string &data)
WorldServer\ThirdParty\cryptopp\gcm_simd.cpp	66	static void SigIllHandler(int)
WorldServer\ThirdParty\cryptopp\gcm.cpp	55	static inline void Xor16(byte *a, const byte *b, const byte *c)
WorldServer\ThirdParty\cryptopp\gcm.h	110	static std::string StaticAlgorithmName()
WorldServer\ThirdParty\cryptopp\gfpcrypt.h	774	static bool CRYPTOPP_API IsValidPrimeLength(unsigned int pbits)
WorldServer\ThirdParty\cryptopp\hight.h	25	static const std::string StaticAlgorithmName()
WorldServer\ThirdParty\cryptopp\hrtimer.cpp	34	static TimerWord InitializePerformanceCounterFrequency()
WorldServer\ThirdParty\cryptopp\idea.cpp	112	static IDEA::Word MulInv(IDEA::Word x)
WorldServer\ThirdParty\cryptopp\idea.cpp	123	static inline IDEA::Word AddInv(IDEA::Word x)
WorldServer\ThirdParty\cryptopp\integer.cpp	181	static void TwosComplement(word *A, size_t N)
WorldServer\ThirdParty\cryptopp\integer.cpp	188	static word AtomicInverseModPower2(word A)
WorldServer\ThirdParty\cryptopp\integer.cpp	317	static DWord Multiply(word a, word b)
WorldServer\ThirdParty\cryptopp\integer.cpp	330	static DWord MultiplyAndAdd(word a, word b, word c)
WorldServer\ThirdParty\cryptopp\integer.cpp	433	static Word Multiply(hword a, hword b)
WorldServer\ThirdParty\cryptopp\integer.cpp	968	static word LinearMultiply(word *C, const word *AA, word B, size_t N)
WorldServer\ThirdParty\cryptopp\integer.cpp	2668	static word SubatomicDivide(word *A, word B0, word B1)
WorldServer\ThirdParty\cryptopp\integer.cpp	2704	static inline void AtomicDivide(word *Q, const word *A, const word *B)
WorldServer\ThirdParty\cryptopp\integer.cpp	2730	static inline void AtomicDivide(word *Q, const word *A, const word *B)
WorldServer\ThirdParty\cryptopp\integer.cpp	2751	static void CorrectQuotientEstimate(word *R, word *T, word *Q, const word *B, size_t N)
WorldServer\ThirdParty\cryptopp\integer.cpp	2830	static inline size_t EvenWordCount(const word *X, size_t N)
WorldServer\ThirdParty\cryptopp\integer.cpp	2952	static inline size_t RoundupSize(size_t n)
WorldServer\ThirdParty\cryptopp\integer.cpp	3187	static Integer StringToInteger(const T *str, ByteOrder order)
WorldServer\ThirdParty\cryptopp\kalyna.h	27	static const char* StaticAlgorithmName()
WorldServer\ThirdParty\cryptopp\kalyna.h	38	static const char* StaticAlgorithmName()
WorldServer\ThirdParty\cryptopp\kalyna.h	49	static const char* StaticAlgorithmName()
WorldServer\ThirdParty\cryptopp\keccak.h	77	static std::string StaticAlgorithmName()
WorldServer\ThirdParty\cryptopp\lea.h	40	static const std::string StaticAlgorithmName()
WorldServer\ThirdParty\cryptopp\misc.h	172	static CompileAssert<(assertion)> \
WorldServer\ThirdParty\cryptopp\misc.h	176	static CompileAssert<(assertion)> \
WorldServer\ThirdParty\cryptopp\misc.h	3107	static inline T RightShift(T value, unsigned int bits)
WorldServer\ThirdParty\cryptopp\misc.h	3119	static inline T LeftShift(T value, unsigned int bits)
WorldServer\ThirdParty\cryptopp\misc.h	3137	static inline T RightShift(T value, unsigned int bits)
WorldServer\ThirdParty\cryptopp\misc.h	3148	static inline T LeftShift(T value, unsigned int bits)
WorldServer\ThirdParty\cryptopp\modes.h	354	static std::string CRYPTOPP_API StaticAlgorithmName()
WorldServer\ThirdParty\cryptopp\nbtheory.cpp	233	static inline bool FastProbablePrimeTest(const Integer &n)
WorldServer\ThirdParty\cryptopp\nbtheory.cpp	416	static bool ProvePrime(const Integer &p, const Integer &q)
WorldServer\ThirdParty\cryptopp\neon_simd.cpp	43	static void SigIllHandler(int)
WorldServer\ThirdParty\cryptopp\pkcspad.h	104	static HashIdentifier Lookup()
WorldServer\ThirdParty\cryptopp\polynomi.h	287	static void Divide(ThisType &r, ThisType &q, const ThisType &a, const ThisType &d)
WorldServer\ThirdParty\cryptopp\power7_ppc.cpp	33	static void SigIllHandler(int)
WorldServer\ThirdParty\cryptopp\power8_ppc.cpp	33	static void SigIllHandler(int)
WorldServer\ThirdParty\cryptopp\power9_ppc.cpp	33	static void SigIllHandler(int)
WorldServer\ThirdParty\cryptopp\ppc_simd.cpp	36	static void SigIllHandler(int)
WorldServer\ThirdParty\cryptopp\pubkey.h	380	static HashIdentifier CRYPTOPP_API Lookup()
WorldServer\ThirdParty\cryptopp\pubkey.h	760	static void CRYPTOPP_API DeriveKey(byte *output, size_t outputLength, const byte *input, size_t inputLength, const byte *derivationParams, size_t derivationParamsLength)
WorldServer\ThirdParty\cryptopp\rijndael_simd.cpp	76	static void SigIllHandler(int)
WorldServer\ThirdParty\cryptopp\rijndael.cpp	157	static inline bool AliasedWithTable(const byte *begin, const byte *end)
WorldServer\ThirdParty\cryptopp\secblock.h	119	static void CheckSize(size_t size)
WorldServer\ThirdParty\cryptopp\sha_simd.cpp	67	static void SigIllHandler(int)
WorldServer\ThirdParty\cryptopp\sha3.h	65	static std::string StaticAlgorithmName()
WorldServer\ThirdParty\cryptopp\shake.h	71	static std::string StaticAlgorithmName()
WorldServer\ThirdParty\cryptopp\shark.cpp	15	static word64 SHARKTransform(word64 a)
WorldServer\ThirdParty\cryptopp\simeck.h	30	static const std::string StaticAlgorithmName()
WorldServer\ThirdParty\cryptopp\simeck.h	45	static const std::string StaticAlgorithmName()
WorldServer\ThirdParty\cryptopp\simon.h	49	static const std::string StaticAlgorithmName()
WorldServer\ThirdParty\cryptopp\sm4.h	33	static const std::string StaticAlgorithmName()
WorldServer\ThirdParty\cryptopp\speck.h	49	static const std::string StaticAlgorithmName()
WorldServer\ThirdParty\cryptopp\sse_simd.cpp	45	static void SigIllHandler(int)
WorldServer\ThirdParty\cryptopp\threefish.h	27	static const std::string StaticAlgorithmName()
WorldServer\ThirdParty\cryptopp\tweetnacl.cpp	48	static void randombytes(byte * block, word64 size)
WorldServer\ThirdParty\cryptopp\tweetnacl.cpp	56	static word32 ld32(const byte *x)
WorldServer\ThirdParty\cryptopp\tweetnacl.cpp	64	static word64 dl64(const byte *x)
WorldServer\ThirdParty\cryptopp\tweetnacl.cpp	71	static void st32(byte *x,word32 u)
WorldServer\ThirdParty\cryptopp\tweetnacl.cpp	77	static void ts64(byte *x,word64 u)
WorldServer\ThirdParty\cryptopp\tweetnacl.cpp	84	static int verify_n(const byte *x,const byte *y,word32 n)
WorldServer\ThirdParty\cryptopp\tweetnacl.cpp	102	static void core(byte *out,const byte *in,const byte *k,const byte *c,int h)
WorldServer\ThirdParty\cryptopp\tweetnacl.cpp	202	static void add1305(word32 *h,const word32 *c)
WorldServer\ThirdParty\cryptopp\tweetnacl.cpp	298	static void set25519(gf r, const gf a)
WorldServer\ThirdParty\cryptopp\tweetnacl.cpp	304	static void car25519(gf o)
WorldServer\ThirdParty\cryptopp\tweetnacl.cpp	316	static void sel25519(gf p,gf q,int b)
WorldServer\ThirdParty\cryptopp\tweetnacl.cpp	326	static void pack25519(byte *o,const gf n)
WorldServer\ThirdParty\cryptopp\tweetnacl.cpp	351	static int neq25519(const gf a, const gf b)
WorldServer\ThirdParty\cryptopp\tweetnacl.cpp	359	static byte par25519(const gf a)
WorldServer\ThirdParty\cryptopp\tweetnacl.cpp	366	static void unpack25519(gf o, const byte *n)
WorldServer\ThirdParty\cryptopp\tweetnacl.cpp	373	static void A(gf o,const gf a,const gf b)
WorldServer\ThirdParty\cryptopp\tweetnacl.cpp	379	static void Z(gf o,const gf a,const gf b)
WorldServer\ThirdParty\cryptopp\tweetnacl.cpp	385	static void M(gf o,const gf a,const gf b)
WorldServer\ThirdParty\cryptopp\tweetnacl.cpp	396	static void S(gf o,const gf a)
WorldServer\ThirdParty\cryptopp\tweetnacl.cpp	401	static void inv25519(gf o,const gf i)
WorldServer\ThirdParty\cryptopp\tweetnacl.cpp	413	static void pow2523(gf o,const gf i)
WorldServer\ThirdParty\cryptopp\tweetnacl.cpp	813	static void reduce(byte *r)
WorldServer\ThirdParty\cryptopp\twofish.cpp	13	static inline unsigned int Mod(unsigned int c)
WorldServer\ThirdParty\cryptopp\twofish.cpp	23	static word32 ReedSolomon(word32 high, word32 low)
WorldServer\ThirdParty\cryptopp\validate.h	293	static std::string GetDataDir()
WorldServer\ThirdParty\lua-5.1.5\etc\min.c	12	static int print(lua_State *L)
WorldServer\ThirdParty\lua-5.1.5\src\lbaselib.c	618	static void auxopen (lua_State *L, const char *name,
WorldServer\ThirdParty\lua-5.1.5\src\lcode.c	150	static void patchlistaux (FuncState *fs, int list, int vtarget, int reg,
WorldServer\ThirdParty\lua-5.1.5\src\lcode.c	673	static void codecomp (FuncState *fs, OpCode op, int cond, expdesc *e1,
WorldServer\ThirdParty\lua-5.1.5\src\ldebug.c	193	static int auxgetinfo (lua_State *L, const char *what, lua_Debug *ar,
WorldServer\ThirdParty\lua-5.1.5\src\ldebug.c	497	static const char *getobjname (lua_State *L, CallInfo *ci, int stackpos,
WorldServer\ThirdParty\lua-5.1.5\src\ldump.c	29	static void DumpBlock(const void* b, size_t size, DumpState* D)
WorldServer\ThirdParty\lua-5.1.5\src\ldump.c	39	static void DumpChar(int y, DumpState* D)
WorldServer\ThirdParty\lua-5.1.5\src\ldump.c	45	static void DumpInt(int x, DumpState* D)
WorldServer\ThirdParty\lua-5.1.5\src\ldump.c	50	static void DumpNumber(lua_Number x, DumpState* D)
WorldServer\ThirdParty\lua-5.1.5\src\ldump.c	55	static void DumpVector(const void* b, int n, size_t size, DumpState* D)
WorldServer\ThirdParty\lua-5.1.5\src\ldump.c	61	static void DumpString(const TString* s, DumpState* D)
WorldServer\ThirdParty\lua-5.1.5\src\ldump.c	80	static void DumpConstants(const Proto* f, DumpState* D)
WorldServer\ThirdParty\lua-5.1.5\src\ldump.c	111	static void DumpDebug(const Proto* f, DumpState* D)
WorldServer\ThirdParty\lua-5.1.5\src\ldump.c	129	static void DumpFunction(const Proto* f, const TString* p, DumpState* D)
WorldServer\ThirdParty\lua-5.1.5\src\ldump.c	143	static void DumpHeader(DumpState* D)
WorldServer\ThirdParty\lua-5.1.5\src\loadlib.c	351	static const char *findfile (lua_State *L, const char *name,
WorldServer\ThirdParty\lua-5.1.5\src\loadlib.c	592	static void setpath (lua_State *L, const char *fieldname, const char *envname,
WorldServer\ThirdParty\lua-5.1.5\src\lstring.c	50	static TString *newlstr (lua_State *L, const char *str, size_t l,
WorldServer\ThirdParty\lua-5.1.5\src\lstrlib.c	281	static const char *matchbalance (MatchState *ms, const char *s,
WorldServer\ThirdParty\lua-5.1.5\src\lstrlib.c	301	static const char *max_expand (MatchState *ms, const char *s,
WorldServer\ThirdParty\lua-5.1.5\src\lstrlib.c	316	static const char *min_expand (MatchState *ms, const char *s,
WorldServer\ThirdParty\lua-5.1.5\src\lstrlib.c	329	static const char *start_capture (MatchState *ms, const char *s,
WorldServer\ThirdParty\lua-5.1.5\src\lstrlib.c	343	static const char *end_capture (MatchState *ms, const char *s,
WorldServer\ThirdParty\lua-5.1.5\src\lstrlib.c	444	static const char *lmemfind (const char *s1, size_t l1,
WorldServer\ThirdParty\lua-5.1.5\src\lstrlib.c	466	static void push_onecapture (MatchState *ms, int i, const char *s,
WorldServer\ThirdParty\lua-5.1.5\src\lstrlib.c	590	static void add_s (MatchState *ms, luaL_Buffer *b, const char *s,
WorldServer\ThirdParty\lua-5.1.5\src\lstrlib.c	612	static void add_value (MatchState *ms, luaL_Buffer *b, const char *s,
WorldServer\ThirdParty\lua-5.1.5\src\luac.c	36	static void fatal(const char* message)
WorldServer\ThirdParty\lua-5.1.5\src\luac.c	42	static void cannot(const char* what)
WorldServer\ThirdParty\lua-5.1.5\src\luac.c	48	static void usage(const char* message)
WorldServer\ThirdParty\lua-5.1.5\src\luac.c	119	static const Proto* combine(lua_State* L, int n)
WorldServer\ThirdParty\lua-5.1.5\src\luac.c	147	static int writer(lua_State* L, const void* p, size_t size, void* u)
WorldServer\ThirdParty\lua-5.1.5\src\luac.c	158	static int pmain(lua_State* L)
WorldServer\ThirdParty\lua-5.1.5\src\lundump.c	36	static void error(LoadState* S, const char* why)
WorldServer\ThirdParty\lua-5.1.5\src\lundump.c	48	static void LoadBlock(LoadState* S, void* b, size_t size)
WorldServer\ThirdParty\lua-5.1.5\src\lundump.c	54	static int LoadChar(LoadState* S)
WorldServer\ThirdParty\lua-5.1.5\src\lundump.c	61	static int LoadInt(LoadState* S)
WorldServer\ThirdParty\lua-5.1.5\src\lundump.c	69	static lua_Number LoadNumber(LoadState* S)
WorldServer\ThirdParty\lua-5.1.5\src\lundump.c	76	static TString* LoadString(LoadState* S)
WorldServer\ThirdParty\lua-5.1.5\src\lundump.c	90	static void LoadCode(LoadState* S, Proto* f)
WorldServer\ThirdParty\lua-5.1.5\src\lundump.c	100	static void LoadConstants(LoadState* S, Proto* f)
WorldServer\ThirdParty\lua-5.1.5\src\lundump.c	137	static void LoadDebug(LoadState* S, Proto* f)
WorldServer\ThirdParty\lua-5.1.5\src\lundump.c	161	static Proto* LoadFunction(LoadState* S, TString* p)
WorldServer\ThirdParty\lua-5.1.5\src\lundump.c	183	static void LoadHeader(LoadState* S)
WorldServer\ThirdParty\lua-5.1.5\src\lvm.c	80	static void callTMres (lua_State *L, StkId res, const TValue *f,
WorldServer\ThirdParty\lua-5.1.5\src\lvm.c	96	static void callTM (lua_State *L, const TValue *f, const TValue *p1,
WorldServer\ThirdParty\lua-5.1.5\src\lvm.c	165	static int call_binTM (lua_State *L, const TValue *p1, const TValue *p2,
WorldServer\ThirdParty\lua-5.1.5\src\lvm.c	176	static const TValue *get_compTM (lua_State *L, Table *mt1, Table *mt2,
WorldServer\ThirdParty\lua-5.1.5\src\lvm.c	190	static int call_orderTM (lua_State *L, const TValue *p1, const TValue *p2,
WorldServer\ThirdParty\lua-5.1.5\src\lvm.c	317	static void Arith (lua_State *L, StkId ra, const TValue *rb,
WorldServer\ThirdParty\lua-5.1.5\src\print.c	23	static void PrintString(const TString* ts)
WorldServer\ThirdParty\lua-5.1.5\src\print.c	51	static void PrintConstant(const Proto* f, int i)
WorldServer\ThirdParty\lua-5.1.5\src\print.c	74	static void PrintCode(const Proto* f)
WorldServer\ThirdParty\lua-5.1.5\src\print.c	161	static void PrintHeader(const Proto* f)
WorldServer\ThirdParty\lua-5.1.5\src\print.c	181	static void PrintConstants(const Proto* f)
WorldServer\ThirdParty\lua-5.1.5\src\print.c	193	static void PrintLocals(const Proto* f)
WorldServer\ThirdParty\lua-5.1.5\src\print.c	204	static void PrintUpvalues(const Proto* f)
WorldServer\ThirdParty\tinyxml\tinyxml.h	315	static const char* ReadText(	const char* in,				// where to start
WorldServer\ThirdParty\tinyxml\tinyxml.h	366	static bool StringEqual(	const char* p,
