target	action
ATL::_stdcallthunk	skip_non_rf
CEntity	patch_existing
DLGITEMTEMPLATE	skip_non_rf
DLGTEMPLATEEX	skip_non_rf
E1133113A46BC24BB251F24AE4F08A1B	skip_non_rf
IMAGE_AUX_SYMBOL_TOKEN_DEF	skip_non_rf
NMPGSCROLL	skip_non_rf
PROPPRG	skip_non_rf
SHCOLUMNINFO	skip_non_rf
_ANIMUS_DB_BASE::_LIST	create_missing
_ANI_OBJECT	already_ok
_AVATOR_DATA	already_ok
_AVATOR_DB_BASE	already_ok
_BSP_C_FACE	already_ok
_BSP_LEAF	already_ok
_BSP_MAT_GROUP	patch_existing
_BSP_READ_FACE	patch_existing
_BSP_READ_M_GROUP	patch_existing
_BUDDY_DB_BASE::_LIST	create_missing
_CHINA_MSG_HEADER	create_missing
_CHRID	already_ok
_CLID	already_ok
_CUTTING_DB_BASE	already_ok
_DB_LOAD_AUTOMINE_MACHINE	patch_existing
_DELPOST_DB_BASE	already_ok
_ENTITY_M_GROUP	already_ok
_EQUIP_DB_BASE::_EMBELLISH_LIST	create_missing
_FORCE_DB_BASE::_LIST	create_missing
_IMAGE_LINENUMBER	skip_non_rf
_IMAGE_RELOCATION	skip_non_rf
_IMAGE_SYMBOL	skip_non_rf
_INVEN_DB_BASE::_LIST	create_missing
_ITEMCOMBINE_DB_BASE	already_ok
_LEAF_ENTITIES_LIST_INFO	already_ok
_LINK_DB_BASE	already_ok
_LTD	skip_non_rf
_LTD_ARRAY_ITEM	skip_non_rf
_LTD_EXPEND	skip_non_rf
_LTD_ITEMINFO	skip_non_rf
_LTD_ITEMINFO::_iteminfo	skip_non_rf
_LTD_PARAM	skip_non_rf
_MAP_ENTITIES_LIST	already_ok
_MASTERY_PARAM	already_ok
_MINIDUMP_MODULE	skip_non_rf
_MINIDUMP_MODULE_CALLBACK	skip_non_rf
_MINIDUMP_THREAD_CALLBACK	skip_non_rf
_MINIDUMP_THREAD_EX_CALLBACK	skip_non_rf
_MONEY_SUPPLY_DATA	patch_existing
_NOT_ARRANGED_AVATOR_DB	patch_existing
_ONE_LAYER	already_ok
_PCBANG_PLAY_TIME	already_ok
_PERSONALAMINE_INVEN_DB_BASE	already_ok
_POSTSTORAGE_DB_BASE::__list	create_missing
_PVPPOINT_LIMIT_DB_BASE	already_ok
_PVP_ORDER_VIEW_DB_BASE	already_ok
_PVP_RANK_DATA	patch_existing
_QUEST_DB_BASE::_LIST	create_missing
_QUEST_DB_BASE::_NPC_QUEST_HISTORY	create_missing
_QUEST_DB_BASE::_START_NPC_QUEST_HISTORY	create_missing
_Quest_fld	already_ok
_R3MATERIAL	already_ok
_READ_MAP_ENTITIES_LIST	patch_existing
_REGED	already_ok
_REGED_AVATOR_DB	already_ok
_RETURNPOST_DB_BASE	already_ok
_RTC_ALLOCA_NODE	skip_non_rf
_SHChangeDWORDAsIDList	skip_non_rf
_SHChangeNotifyEntry	skip_non_rf
_SHChangeUpdateImageIDList	skip_non_rf
_SHITEMID	skip_non_rf
_STORAGE_LIST	patch_existing
_STORAGE_LIST::_db_con	create_missing
_STORAGE_LIST::_storage_con	create_missing
_STORAGE_POS_INDIV	already_ok
_SUPPLEMENT_DB_BASE	already_ok
_TIMELIMITINFO_DB_BASE	already_ok
_TOOL_COL_LEAF	patch_existing
_TRADE_DB_BASE::_LIST	create_missing
_TRUNK_DB_BASE	already_ok
_TRUNK_DB_BASE::_LIST	create_missing
_UNIT_DB_BASE::_LIST	create_missing
_WAIT_ENTER_ACCOUNT	already_ok
_a_trade_adjust_price_request_clzo	already_ok
_a_trade_adjust_price_result_zocl	already_ok
_a_trade_clear_item_request_clzo	already_ok
_a_trade_clear_item_result_zocl	already_ok
_a_trade_reg_item_request_clzo	already_ok
_a_trade_sell_inform_zocl	create_missing
_add_holyquest_actcum_inform_zocl	create_missing
_add_lend_item_result_zocl	already_ok
_adjust_amount_inform_zocl	create_missing
_alive_char_request_clzo	create_missing
_alive_char_result_zocl	already_ok
_alter_action_point_zocl	already_ok
_alter_cont_effect_time_zocl	already_ok
_alter_item_dur_zocl	create_missing
_alter_item_slot_request_clzo::__list	create_missing
_alter_money_inform_zocl	create_missing
_alter_pvp_cash_zocl	create_missing
_alter_ranking_inform_zocl	create_missing
_alter_unit_bullet_inform_zocl	create_missing
_alter_unit_hp_inform_zocl	create_missing
_animus_act_heal_inform_zocl	create_missing
_animus_create_zocl	create_missing
_animus_destroy_zocl	create_missing
_animus_download_result_zocl::_list	create_missing
_animus_exp_inform_zocl	create_missing
_animus_fixpositon_zocl	create_missing
_animus_lvup_inform_zocl	create_missing
_animus_move_zocl	create_missing
_animus_real_move_zocl	create_missing
_animus_recall_result_zocl	create_missing
_animus_return_result_zocl	create_missing
_animus_target_request_clzo	create_missing
_announ_message_receipt_udp	patch_existing
_apex_block_request_wrac	create_missing
_apex_send_ip	create_missing
_atrade_taxrate_result_zocl	already_ok
_attack_force_request_clzo	create_missing
_attack_force_result_zocl	already_ok
_attack_gen_request_clzo	create_missing
_attack_gen_result_zocl	already_ok
_attack_gen_result_zocl::_dam_list	create_missing
_attack_keeper_inform_zocl	create_missing
_attack_selfdestruction_result_zocl	already_ok
_attack_siege_request_clzo	create_missing
_attack_siege_result_zocl	already_ok
_attack_skill_request_clzo	create_missing
_attack_skill_result_zocl	already_ok
_attack_test_request_clzo	create_missing
_attack_test_result_zocl	create_missing
_attack_tower_inform_zocl	create_missing
_attack_trap_inform_zocl	create_missing
_attack_unit_request_clzo	create_missing
_attack_unit_result_zocl	already_ok
_back_tower_result_zocl	create_missing
_back_trap_request_clzo	create_missing
_base_download_result_zocl	already_ok
_base_download_result_zocl::_list_embellish	create_missing
_base_download_result_zocl::_list_equip	create_missing
_billing_alive_request_zobi	create_missing
_billing_expire_inform_zocl	create_missing
_billing_login_request_zobi	create_missing
_boss_sms_cancel_result_zocl	create_missing
_break_stop_result_zocl	create_missing
_breakdown_equip_item_zocl	create_missing
_buddy_add_answer_clzo	create_missing
_buddy_add_ask_zocl	create_missing
_buddy_add_request_clzo	create_missing
_buddy_add_result_zocl	create_missing
_buddy_del_result_clzo	create_missing
_buddy_in_reged_player_inform_zocl	create_missing
_buddy_pos_inform_zocl	create_missing
_buddy_renewal_zocl	create_missing
_buy_store_failure_zocl	already_ok
_buy_store_request_clzo	already_ok
_buy_store_request_clzo::_list	create_missing
_buy_store_success_zocl	already_ok
_buy_store_success_zocl::_list	create_missing
_cancel_raceboss_msg_request_ctzo	create_missing
_cancel_raceboss_msg_request_zowb	create_missing
_cancel_raceboss_msg_result_zoct	patch_existing
_cash_discount_event_inform_zocl	create_missing
_cash_event_inform_zocl::__lim_sale::__Item	create_missing
_cast_vote_request_clzo	create_missing
_cast_vote_result_zocl	create_missing
_change_billing_type_inform_zocl	create_missing
_change_class_other_zocl	create_missing
_change_type_request_bizo	create_missing
_character_db_load	already_ok
_character_disconnect_request_acwr	create_missing
_character_disconnect_result_wrac	already_ok
_chat_guild_request_clzo	create_missing
_chat_message_receipt_udp	patch_existing
_chat_steal_message_gm_zocl	already_ok
_check_is_block_ip_result_acwr	create_missing
_circle_zone_fix_position_zocl	create_missing
_class_skill_recall_teleport_request_clzo	create_missing
_class_skill_result_other_zocl	create_missing
_combine_ex_item_accept_request_clzo	already_ok
_combine_ex_item_request_clzo	already_ok
_combine_ex_item_request_clzo::_list	create_missing
_combine_ex_item_result_zocl	already_ok
_combine_ex_item_result_zocl::_Result_ItemList_Buff	create_missing
_combine_item_request_clzo	already_ok
_combine_item_result_zocl	create_missing
_combine_item_result_zocl::__item	create_missing
_combine_lend_item_result_zocl	already_ok
_combine_lend_item_result_zocl::_lend_item	create_missing
_complete_vote_inform_zocl	create_missing
_confirm_sms_infom_zoct	create_missing
_continue_tower_inform	create_missing
_count_succ_inform_zocl	create_missing
_create_circle_zone_stone_zocl	create_missing
_create_gravity_stone_zocl	create_missing
_cum_download_result_zocl	already_ok
_current_billing_type_inform_zocl	create_missing
_cutting_complete_result_zocl	create_missing
_d_trade_accomplish_inform_zocl	create_missing
_d_trade_add_inform_zocl	create_missing
_d_trade_add_request_clzo	create_missing
_d_trade_bet_inform_zocl	create_missing
_d_trade_bet_request_clzo	create_missing
_d_trade_start_inform_zocl	create_missing
_d_trade_unit_add_inform_zocl	create_missing
_d_trade_unit_info_inform_zocl	create_missing
_darkhole_answer_reenter_request_clzo	create_missing
_darkhole_ask_reenter_inform_zocl	already_ok
_darkhole_clear_out_result_zocl	already_ok
_darkhole_destroy_zocl	already_ok
_darkhole_enter_request_clzo	create_missing
_darkhole_enter_result_zocl	already_ok
_darkhole_giveup_out_result_zocl	already_ok
_darkhole_job_count_inform_zocl	already_ok
_darkhole_member_info_inform_zocl	already_ok
_darkhole_member_info_inform_zocl::__list	create_missing
_darkhole_mission_info_inform_zocl	already_ok
_darkhole_mission_info_inform_zocl::__job	create_missing
_darkhole_new_member_inform_zocl	already_ok
_darkhole_new_mission_inform_zocl	already_ok
_darkhole_open_result_zocl	already_ok
_darkhole_outof_member_inform_zocl	already_ok
_darkhole_quest_info_inform_zocl	already_ok
_darkhole_real_add_time_inform_zocl	already_ok
_darkhole_reward_message_inform_zocl	create_missing
_darkhole_state_change_zocl	already_ok
_decide_recall_error_result_zocl	create_missing
_decide_recall_request_clzo	create_missing
_delete_storage_inform_zocl	create_missing
_destroy_gravity_stone_zocl	create_missing
_economy_data_inform_zowb	create_missing
_economy_rate_inform_zocl	create_missing
_editstream	create_missing
_effect_add_inform_zocl	create_missing
_effect_remove_inform_zocl	create_missing
_effect_start_inform_zocl	create_missing
_encorrecttext	create_missing
_enlink	create_missing
_enoleopfailed	create_missing
_enprotected	create_missing
_enter_world_request_wrac	already_ok
_enter_world_request_zone	already_ok
_exchange_money_result_zocl	create_missing
_extraBytes_101	create_missing
_extraBytes_102	create_missing
_extraBytes_123	create_missing
_extraBytes_13	create_missing
_extraBytes_14	create_missing
_extraBytes_143	create_missing
_extraBytes_147	create_missing
_extraBytes_148	create_missing
_extraBytes_15	create_missing
_extraBytes_150	create_missing
_extraBytes_16	create_missing
_extraBytes_17	create_missing
_extraBytes_177	create_missing
_extraBytes_18	create_missing
_extraBytes_185	create_missing
_extraBytes_19	create_missing
_extraBytes_20	create_missing
_extraBytes_21	create_missing
_extraBytes_22	create_missing
_extraBytes_23	create_missing
_extraBytes_24	create_missing
_extraBytes_25	create_missing
_extraBytes_26	create_missing
_extraBytes_27	create_missing
_extraBytes_28	create_missing
_extraBytes_29	create_missing
_extraBytes_30	create_missing
_extraBytes_31	create_missing
_extraBytes_32	create_missing
_extraBytes_34	create_missing
_extraBytes_35	create_missing
_extraBytes_353	create_missing
_extraBytes_36	create_missing
_extraBytes_363	create_missing
_extraBytes_386	create_missing
_extraBytes_39	create_missing
_extraBytes_41	create_missing
_extraBytes_42	create_missing
_extraBytes_428	create_missing
_extraBytes_434	create_missing
_extraBytes_44	create_missing
_extraBytes_45	create_missing
_extraBytes_46	create_missing
_extraBytes_47	create_missing
_extraBytes_49	create_missing
_extraBytes_50	create_missing
_extraBytes_51	create_missing
_extraBytes_519	create_missing
_extraBytes_53	create_missing
_extraBytes_538	create_missing
_extraBytes_55	create_missing
_extraBytes_57	create_missing
_extraBytes_58	create_missing
_extraBytes_61	create_missing
_extraBytes_62	create_missing
_extraBytes_63	create_missing
_extraBytes_66	create_missing
_extraBytes_75	create_missing
_extraBytes_81	create_missing
_extraBytes_87	create_missing
_extraBytes_89	create_missing
_extraBytes_92	create_missing
_extraBytes_95	create_missing
_fcitem_inform_zocl	create_missing
_fireguard_block_request_wrac	create_missing
_fireguard_divide_block_request_wrac	create_missing
_force_download_result_zocl::_list	create_missing
_force_recall_teleport_request_clzo	create_missing
_force_result_one_zocl	create_missing
_gesture_inform_zocl	create_missing
_gettextex	create_missing
_gm_msg_gmcall_list_response_zocl	already_ok
_gm_msg_gmcall_list_response_zocl::_call_node	create_missing
_goto_avator_result_zocl	create_missing
_gravity_stone_fix_position_zocl	create_missing
_gravity_stone_regener_fix_position_zocl	create_missing
_gravity_stone_regener_inform_zocl	create_missing
_guild_add_join_applier_inform_zocl	create_missing
_guild_alter_member_grade_inform_zocl::__list	create_missing
_guild_alter_member_state_inform_zocl::__list	create_missing
_guild_atrade_tax_zocl	create_missing
_guild_battle_complete_msg_zowb	create_missing
_guild_battle_current_battle_info_result_zocl	already_ok
_guild_battle_fin_pvppoint_result_zocl	create_missing
_guild_battle_get_gravity_stone_request_clzo	create_missing
_guild_battle_get_gravity_stone_result_zocl	already_ok
_guild_battle_goal_result_zocl	already_ok
_guild_battle_notify_ball_position_zocl	create_missing
_guild_battle_notify_committee_member_position_zocl	create_missing
_guild_battle_notify_gravity_stone_owner_die_zocl	create_missing
_guild_battle_pvp_inform_zocl	create_missing
_guild_battle_rank_list_request_clzo	create_missing
_guild_battle_rank_list_result_no_data_zocl	create_missing
_guild_battle_rank_list_result_zocl	already_ok
_guild_battle_rank_list_result_zocl::__list	create_missing
_guild_battle_reserve_msg_zowb	create_missing
_guild_battle_reserved_schedule_request_clzo	create_missing
_guild_battle_reserved_schedule_result_zocl	already_ok
_guild_battle_restart_zocl	create_missing
_guild_battle_start_zocl	create_missing
_guild_del_join_applier_inform_zocl	create_missing
_guild_honor_list_result_zocl::__list	create_missing
_guild_honorguild_mark_zocl	create_missing
_guild_info_update_inform_zocl	create_missing
_guild_io_money_inform_zocl	create_missing
_guild_join_accept_fail_zocl	create_missing
_guild_join_accept_inform_zocl	create_missing
_guild_join_accept_request_clzo	create_missing
_guild_join_apply_result_zocl	create_missing
_guild_join_other_inform_zocl	create_missing
_guild_leave_inform_zocl	create_missing
_guild_manage_request_clzo	already_ok
_guild_member_download_zocl	already_ok
_guild_member_login_inform_zocl	create_missing
_guild_member_pos_inform_zocl	create_missing
_guild_offer_suggest_request_clzo	create_missing
_guild_push_money_result_zocl	create_missing
_guild_query_info_result_zocl	already_ok
_guild_vote_complete_zocl	create_missing
_guild_vote_process_inform_zocl	already_ok
_guild_vote_request_clzo	create_missing
_guild_vote_result_zocl	create_missing
_guildroom_enter_result_zocl	create_missing
_guildroom_rent_request_clzo	already_ok
_holy_complete_quest_inform_zowb	create_missing
_holy_keeper_attackable_inform_zocl	already_ok
_holy_keeper_change_chaos_inform	create_missing
_holy_minetime_extend_inform_zowb	create_missing
_holystone_alter_oper_circle_inform_zocl	create_missing
_insert_item_inform_zocl	create_missing
_insert_quest_failure_zocl	create_missing
_insert_quest_item_inform_zocl	create_missing
_insert_trc_info	already_ok
_inven_download_result_zocl::_list	create_missing
_item_fanfare_zocl	already_ok
_itembox_create_zocl	create_missing
_itembox_fixpositon_zocl	create_missing
_itembox_state_change_zocl	create_missing
_itembox_take_add_result_zocl	already_ok
_itembox_take_new_result_zocl	already_ok
_keeper_create_zocl	create_missing
_keeper_destroy_zocl	create_missing
_keeper_enter_inform_zocl	create_missing
_keeper_fixpositon_zocl	create_missing
_keeper_move_zocl	create_missing
_keeper_real_move_zocl	create_missing
_last_attacker_for_the_keeper_inform_zowb	create_missing
_last_effect_change_inform_zocl	create_missing
_lend_item_time_expired_zocl	create_missing
_level_up_zocl	create_missing
_limit_item_num_info_zocl	already_ok
_limit_item_num_info_zocl::_limit_item_info	create_missing
_limitedsale_event_inform_zocl	already_ok
_linkboard_download_result_zocl	create_missing
_make_item_request_clzo	already_ok
_make_tower_request_clzo	already_ok
_make_tower_result_zocl	create_missing
_make_trap_result_zocl	create_missing
_map_env_code_inform_zocl	create_missing
_mine_complete_result_zocl	create_missing
_money_supply_gatering_inform_zowb	create_missing
_monster_change_rotate_zocl	create_missing
_monster_change_state_zocl	create_missing
_monster_create_zocl	create_missing
_monster_destroy_zocl	create_missing
_monster_fixpositon_zocl	create_missing
_monster_move_zocl	create_missing
_monster_present_emotion_zocl	create_missing
_monster_real_move_zocl	create_missing
_monster_sp_group	already_ok
_move_error_result_zocl	create_missing
_move_potal_request_clzo	create_missing
_move_potal_result_zocl	create_missing
_move_request_clzo	create_missing
_moveout_user_result_zone	patch_existing
_msgfilter	create_missing
_notice_is_arrive_master	create_missing
_notice_next_quest_inform_zocl	create_missing
_notify_effect_for_get_gold_box_item_zocl	create_missing
_notify_gold_box_event_status_zocl	create_missing
_notify_local_time_result_zocl	already_ok
_notify_player_time_limit_Info_zocl	create_missing
_notify_race_battle_penelty_zocl	create_missing
_notify_race_boss_winrate_zocl	already_ok
_notify_recall_request_zocl	create_missing
_notify_set_race_buff_by_holy_quest_zocl	create_missing
_notify_unmanned_trader_weekly_daily_income_zocl	create_missing
_notify_update_player_time_limit_Info_zocl	create_missing
_npc_create_zocl	create_missing
_npc_destroy_zocl	create_missing
_npc_move_zocl	create_missing
_npc_quest_list_result_zocl	create_missing
_nuclear_bomb_current_state_zocl::__nuclear	create_missing
_nuclear_bomb_drop_result_zocl	create_missing
_nuclear_bomb_position_inform_zocl	create_missing
_nuclear_position_result_zocl	already_ok
_object_server_pos_result_zocl	create_missing
_objectpositions	create_missing
_open_control_inform_acwr	create_missing
_open_return_gate_inform_zocl	create_missing
_open_world_request_wrac	already_ok
_ore_cutting_request_clzo	create_missing
_ore_cutting_result_zocl	create_missing
_ore_cutting_result_zocl::_list	create_missing
_ore_into_bag_request_clzo	create_missing
_ore_into_bag_result_zocl	create_missing
_other_map_out_zocl	create_missing
_other_new_view_zocl	create_missing
_other_shape_all_zocl	already_ok
_other_shape_all_zocl::_model	create_missing
_other_shape_cash_rename_zocl	create_missing
_other_shape_change_zocl	create_missing
_other_shape_change_zocl::_model	create_missing
_other_shape_failure_zocl	create_missing
_other_shape_part_zocl	already_ok
_other_shape_part_zocl::_model	create_missing
_other_unit_ride_change_zocl	create_missing
_parkingunit_change_owner_zocl	create_missing
_parkingunit_create_zocl	create_missing
_parkingunit_destroy_zocl	create_missing
_parkingunit_fixpositon_zocl	create_missing
_party_join_joiner_result_zocl::_list	create_missing
_party_leave_self_result_zocl	create_missing
_party_member_effect_upd	create_missing
_party_member_fp_upd	create_missing
_party_member_hp_upd	create_missing
_party_member_info_upd	create_missing
_party_member_info_upd::_EFFECT	create_missing
_party_member_lv_upd	create_missing
_party_member_max_hfsp_upd	create_missing
_party_member_pos_upd	create_missing
_party_member_sp_upd	create_missing
_pc_room_reward_info_clzo	create_missing
_personal_amine_fixpos_zocl	already_ok
_personal_amine_mineore_zocl	already_ok
_personal_amine_mineore_zocl::__changed	create_missing
_personal_automine_alter_dur_zocl	already_ok
_personal_automine_battery_extract_clzo	create_missing
_personal_automine_battery_extract_zocl	already_ok
_personal_automine_battery_insert_clzo	create_missing
_personal_automine_battery_insert_zocl	already_ok
_personal_automine_current_state_zocl	already_ok
_personal_automine_delbattery_zocl	already_ok
_personal_automine_download_zocl::__list	create_missing
_personal_automine_install_clzo	create_missing
_personal_automine_install_zocl	already_ok
_personal_automine_popore_clzo	create_missing
_personal_automine_popore_zocl	already_ok
_personal_automine_selore_clzo	create_missing
_personal_automine_selore_zocl	already_ok
_personal_automine_stop_zocl	already_ok
_personal_automine_uninstall_circle_zocl	already_ok
_personal_automine_uninstall_clzo	create_missing
_personal_automine_uninstall_zocl	already_ok
_personal_automine_uninstall_zocl::__battery	create_missing
_player_destroy_zocl	create_missing
_player_die_zocl	create_missing
_player_fixpositon_zocl	create_missing
_player_macro_result_zocl	already_ok
_player_macro_update_request_clzo	create_missing
_player_move_zocl	create_missing
_player_real_move_zocl	create_missing
_player_resurrect_zocl	create_missing
_player_revival_zocl	create_missing
_player_stop_zocl	create_missing
_possible_battle_guild_list_request_clzo	create_missing
_possible_battle_guild_list_result_zocl	already_ok
_possible_battle_guild_list_result_zocl::__list	create_missing
_post_content_result_zocl	already_ok
_post_content_result_zocl::_post_item	create_missing
_post_delete_reply_zocl	create_missing
_post_recv_delivery_zocl	already_ok
_post_request_clzo	create_missing
_post_result_zocl	already_ok
_post_return_confirm_result_zocl	create_missing
_post_return_zocl	already_ok
_post_return_zocl::_post_item	create_missing
_potionsocket_division_request_clzo	create_missing
_potionsocket_division_result_zocl	create_missing
_potionsocket_separation_request_clzo	create_missing
_potionsocket_separation_result_zocl	create_missing
_progress_vote_inform_zocl	create_missing
_propose_vote_request_clzo	create_missing
_pt_appoint_inform_request_zocl::__body	create_missing
_pt_automine_getoutore_clzo	create_missing
_pt_automine_getoutore_zocl	already_ok
_pt_automine_merge_clzo	create_missing
_pt_automine_state_zocl	already_ok
_pt_inform_commission_income_zocl	already_ok
_pt_inform_punishment_zocl	already_ok
_pt_request_punishment_clzo	create_missing
_pt_result_appoint_zocl	already_ok
_pt_result_fcandidacy_list_zocl::__candi_info	create_missing
_pt_trans_votepaper_zocl::__body	create_missing
_punctuation	create_missing
_pvp_cash_point_recorver_request_clzo	create_missing
_pvp_cash_point_recover_result_zocl	create_missing
_pvp_cash_recover_itemlist_result_zocl	already_ok
_pvp_order_view_point_inform_zocl	create_missing
_pvp_rank_list_result_data_zocl	already_ok
_qry_case_amine_battery_discharge	patch_existing
_qry_case_amine_batterycharge	patch_existing
_qry_case_amine_mineore	patch_existing
_qry_case_amine_moveore	patch_existing
_qry_case_amine_newowner	patch_existing
_qry_case_amine_selore	patch_existing
_qry_case_amine_workstate	patch_existing
_quest_return_item_after_quest_zocl	create_missing
_raceboss_msg_confirm_zowb	patch_existing
_racebosssms_fromweb_send_error_result_zowb	patch_existing
_radar_char_list_result_zocl::_char_info	create_missing
_recv_hsk_quest_inform_zocl	create_missing
_refresh_group_target_position_zocl	create_missing
_reged_char_result_zone	patch_existing
_release_siege_mode_other_inform_zocl	create_missing
_remaintime_inform_zocl	create_missing
_remaintime_pcbang_request_bizo	create_missing
_remaintime_personal_request_bizo	create_missing
_repastespecial	create_missing
_request_csi_buy_clzo::__item	create_missing
_res_division_request_clzo	create_missing
_res_division_result_zocl	create_missing
_res_separation_request_clzo	create_missing
_res_separation_result_zocl	create_missing
_result_csi_buy_zocl	already_ok
_result_csi_buy_zocl::__item	create_missing
_result_csi_goods_list_zocl	already_ok
_return_gate_fix_position_zocl	create_missing
_reward_add_item_zocl	create_missing
_s__CatchableType	skip_non_rf
_s__CatchableTypeArray	skip_non_rf
_s__RTTIBaseClassDescriptor2	skip_non_rf
_s__RTTICompleteObjectLocator	skip_non_rf
_s__RTTICompleteObjectLocator2	skip_non_rf
_s__ThrowInfo	skip_non_rf
_sel_char_result_zone	patch_existing
_selchange	create_missing
_select_avator_report_wrac	already_ok
_select_class_request_clzo	create_missing
_select_waited_quest_command_zocl	create_missing
_sell_store_request_clzo	already_ok
_sell_store_request_clzo::_list	create_missing
_sell_store_result_zocl	already_ok
_send_fromweb_raceboss_msg_request_zowb	create_missing
_send_raceboss_msg_request_zowb	create_missing
_server_notify_inform_zone	patch_existing
_set_group_map_point_request_clzo	create_missing
_set_item_check_request_clzo	create_missing
_set_item_check_result_zocl	create_missing
_set_target_object_result_zocl	create_missing
_sf_delay_download_result_zocl::_eff_list	create_missing
_sf_delay_download_result_zocl::_mas_list	create_missing
_shield_equip_dur_dec_zocl	create_missing
_skill_recall_teleport_request_clzo	create_missing
_skill_request_clzo	create_missing
_start_world_request_wrac	already_ok
_started_vote_inform_zocl	already_ok
_starting_vote_inform_zocl	already_ok
_stat_inform_zocl	create_missing
_state_inform_zocl	create_missing
_stone_create_zocl	create_missing
_stone_destroy_zocl	create_missing
_stone_enter_inform_zocl	create_missing
_stone_fixpositon_zocl	create_missing
_store_list_result_zocl	already_ok
_suggested_matter_change_taxrate	patch_existing
_take_loot_item_inform_zocl	create_missing
_talik_crystal_exchange_clzo::_list	create_missing
_target_monster_aggro_inform_zocl	already_ok
_target_monster_aggro_inform_zocl::_aggro_node	create_missing
_target_monster_contsf_allinform_zocl	already_ok
_target_object_hp_inform_clzo	create_missing
_target_player_damage_contsf_allinform_zocl	already_ok
_target_player_damage_contsf_allinform_zocl::_playercontsf	create_missing
_teleport_error_result_zocl	create_missing
_throw_skill_result_one_zocl::__effected_list	create_missing
_throw_unit_result_other_zocl	create_missing
_total_guild_rank_request_clzo	create_missing
_total_guild_rank_result_zocl	already_ok
_tower_create_zocl	create_missing
_tower_destroy_zocl	create_missing
_trans_account_inform_acwr	create_missing
_trans_account_report_wrac	already_ok
_trans_gm_msg_inform_zocl	already_ok
_trans_ship_state_inform_zocl	create_missing
_trans_ship_ticket_inform_zocl	create_missing
_trans_ship_ticket_inform_zocl::__list	create_missing
_trans_ship_ticket_pass_inform_zocl	create_missing
_transform_siege_mode_other_inform_zocl	create_missing
_trap_alter_transpar_inform_zocl	create_missing
_trap_create_zocl	create_missing
_trap_destroy_zocl	create_missing
_trap_fixpositon_zocl	create_missing
_trunk_alter_item_slot_request_clzo	create_missing
_trunk_download_result_zocl	already_ok
_trunk_download_result_zocl::_list	create_missing
_trunk_est_result_zocl	already_ok
_trunk_extend_result_zocl	already_ok
_trunk_io_money_request_clzo	create_missing
_trunk_io_money_result_zocl	already_ok
_trunk_io_move_request_clzo	create_missing
_trunk_io_result_zocl	already_ok
_trunk_potionsocket_division_request_clzo	create_missing
_trunk_potionsocket_division_result_zocl	already_ok
_trunk_res_division_request_clzo	create_missing
_trunk_res_division_result_zocl	already_ok
_uilock_init_request_wrac	create_missing
_uilock_init_result_acwr	create_missing
_uilock_update_request_wrac	create_missing
_uilock_update_result_acwr	create_missing
_uilock_user_refresh_info_request_wrac	already_ok
_uilock_user_refresh_info_result_acwr	create_missing
_unit_alter_fee_inform_zocl	create_missing
_unit_booster_charge_inform_zocl	create_missing
_unit_bullet_fill_request_clzo	create_missing
_unit_bullet_fill_result_zocl	create_missing
_unit_delivery_request_clzo	create_missing
_unit_delivery_result_zocl	create_missing
_unit_force_return_inform_zocl	create_missing
_unit_frame_buy_request_clzo	create_missing
_unit_frame_buy_result_zocl	create_missing
_unit_frame_repair_request_clzo	create_missing
_unit_frame_repair_result_zocl	create_missing
_unit_pack_fill_request_clzo	already_ok
_unit_pack_fill_request_clzo::__list	create_missing
_unit_pack_fill_result_zocl	create_missing
_unit_part_tuning_request_clzo	create_missing
_unit_return_result_zocl	create_missing
_unit_sell_request_clzo	create_missing
_unmannedtrader_Regist_item_inform_zocl::__list	create_missing
_unmannedtrader_Sell_Wait_item_inform_zocl	create_missing
_unmannedtrader_Sell_Wait_item_inform_zocl::__list	create_missing
_unmannedtrader_buy_item_request_clzo	already_ok
_unmannedtrader_buy_item_result_zocl	already_ok
_unmannedtrader_buy_item_result_zocl::__list	create_missing
_unmannedtrader_close_item_inform_zocl	already_ok
_unmannedtrader_continue_item_inform_zocl::__list	create_missing
_unmannedtrader_re_regist_request_clzo::__list	create_missing
_unmannedtrader_re_regist_result_zocl	already_ok
_unmannedtrader_regist_item_error_result_zocl	create_missing
_unmannedtrader_regist_item_success_result_zocl	already_ok
_unmannedtrader_search_list_request_clzo	already_ok
_unmannedtrader_search_list_result_zocl	create_missing
_unmannedtrader_search_list_result_zocl::__list	create_missing
_use_active_jade_result_zocl	create_missing
_use_fire_cracker_item_inform_zocl	create_missing
_use_fire_cracker_item_result_zocl	create_missing
_use_potion_result_other_zocl	create_missing
_use_potion_result_zocl	create_missing
_use_radar_result_zocl	create_missing
_use_soccer_ball_item_inform_zocl	create_missing
_use_soccer_ball_item_result_zocl	create_missing
_user_block_request_wrac	create_missing
_user_block_result_acwr	create_missing
_user_num_report_wrac	create_missing
_weekly_guild_rank_request_clzo	create_missing
_weekly_guild_rank_result_no_data_zocl	create_missing
_weekly_guild_rank_result_zocl::_list	create_missing
_world_msg_inform_acwr	create_missing
_world_user_num_zowb	create_missing
_worlddb_sf_delay_info::_eff_list	create_missing
_worlddb_sf_delay_info::_mas_list	create_missing
tagBITMAPFILEHEADER	skip_non_rf
tagDELEGATEITEMID	skip_non_rf
tagHyphenateInfo	skip_non_rf
tagLVKEYDOWN	skip_non_rf
tagMETAHEADER	skip_non_rf
tagTCKEYDOWN	skip_non_rf
tagTVKEYDOWN	skip_non_rf
threadingAttribute	skip_non_rf
waveformat_tag	create_missing
